Paper,Is P,Title,URL Stub,ES Title,ES URL Stub,FR Title,FR URL Stub,PT Title,PT URL Stub
,,English,English,Spanish,Spanish,French,French,Portuguese,Portuguese
,,,https://www.urantia-standardized.org/,,https://www.urantia.org,,https://www.urantia.org,,https://www.urantia.org
,,Front Matter,/urantia-book-standardized/front-matter,Página preliminar,/es-int/el-libro-de-urantia-internacional/pagina-preliminar,Titre de la page,/fr/le-livre-d-urantia/titre-de-la-page,Página preliminar,/pt/o-livro-de-urantia/pagina-preliminar
,,Parts of the Book,/urantia-book-standardized/parts-book,Los Títulos de los Documentos,/es-int/el-libro-de-urantia-internacional/los-titulos-de-los-documentos,Les parties du livre,/fr/le-livre-d-urantia/les-parties-du-livre,As Partes do Livro,/pt/o-livro-de-urantia/partes-do-livro
,,Titles of the Papers,/urantia-book-standardized/titles-papers,Contenido del Libro,/es-int/el-libro-de-urantia-internacional/contenido-del-libro,Table des matières résumée,/fr/le-livre-d-urantia/table-des-matieres-resumee,Títulos dos documentos,/pt/o-livro-de-urantia/titulos-dos-documentos
,,Contents of the Book,/urantia-book-standardized/contents-book,Las Partes del Libro,/es-int/el-libro-de-urantia-internacional/las-partes-del-libro,Table des matières détaillée,/fr/le-livre-d-urantia/table-des-matieres-detaillee,Índice Detalhado do Livro,/pt/o-livro-de-urantia/indice-detalhado-do-livro
0,P,Foreword,/urantia-book-standardized/foreword,Prólogo,/es-int/el-libro-de-urantia-internacional/prologo,Introduction,/fr/le-livre-d-urantia/introduction,Introdução,/pt/o-livro-de-urantia/introducao
1,P,Paper 1 - The Universal Father,/urantia-book-standardized/paper-1-universal-father,Documento 1 - El Padre Universal,/es-int/el-libro-de-urantia-internacional/documento-1-el-padre-universal,"Fascicule 1, Le Père Universel",/fr/le-livre-d-urantia/fascicule-1-le-pere-universel,Documento 1 - O Pai Universal,/pt/o-livro-de-urantia/documento-1-o-pai-universal
2,P,Paper 2 - The Nature of God,/urantia-book-standardized/paper-2-nature-god,Documento 2 - La Naturaleza de Dios,/es-int/el-libro-de-urantia-internacional/documento-2-la-naturaleza-de-dios,"Fascicule 2, La nature de Dieu",/fr/le-livre-d-urantia/fascicule-2-la-nature-de-dieu,Documento 2 - A Natureza de Deus,/pt/o-livro-de-urantia/documento-2-natureza-de-deus
3,P,Paper 3 - The Attributes of God,/urantia-book-standardized/paper-3-attributes-god,Documento 3 - Los Atributos de Dios,/es-int/el-libro-de-urantia-internacional/documento-3-los-atributos-de-dios,"Fascicule 3, Les attributs de Dieu",/fr/le-livre-d-urantia/fascicule-3-les-attributs-de-dieu,Documento 3 - Os Atributos de Deus,/pt/o-livro-de-urantia/documento-3-os-atributos-de-deus
4,P,Paper 4 - God’s Relation to the Universe,/urantia-book-standardized/paper-4-gods-relation-universe,Documento 4 - La relación de Dios con el universo,/es-int/el-libro-de-urantia-internacional/documento-4-la-relacion-de-dios-con-el-universo,"Fascicule 4, Relations de Dieu avec l’univers",/fr/le-livre-d-urantia/fascicule-4-relations-de-dieu-avec-l-univers,Documento 4 - A Relação de Deus com o Universo,/pt/o-livro-de-urantia/documento-4-relacao-de-deus-com-o-universo
5,P,Paper 5 - God’s Relation to the Individual,/urantia-book-standardized/paper-5-gods-relation-individual,Documento 5 - La relación de Dios con el individuo,/es-int/el-libro-de-urantia-internacional/documento-5-la-relacion-de-dios-con-el-individuo,"Fascicule 5, Relations de Dieu avec l’individu",/fr/le-livre-d-urantia/fascicule-5-relations-de-dieu-avec-l-individu,Documento 5 - A Relação de Deus com o Indivíduo,/pt/o-livro-de-urantia/documento-5-relacao-de-deus-com-o-individuo
6,P,Paper 6 - The Eternal Son,/urantia-book-standardized/paper-6-eternal-son,Documento 6 - El Hijo Eterno,/es-int/el-libro-de-urantia-internacional/documento-6-el-hijo-eterno,"Fascicule 6, Le Fils Éternel",/fr/le-livre-d-urantia/fascicule-6-le-fils-eternel,Documento 6 - O Filho Eterno,/pt/o-livro-de-urantia/documento-6-o-filho-eterno
7,P,Paper 7 - Relation of the Eternal Son to the Universe,/urantia-book-standardized/paper-7-relation-eternal-son-universe,Documento 7 - La relación del Hijo Eterno con el universo,/es-int/el-libro-de-urantia-internacional/documento-7-la-relacion-del-hijo-eterno-con-el-universo,"Fascicule 7, Position du Fils Éternel par rapport à l’univers",/fr/le-livre-d-urantia/fascicule-7-position-du-fils-eternel-par-rapport-l-univers,Documento 7 - A Relação do Filho Eterno com o Universo,/pt/o-livro-de-urantia/documento-7-relacao-do-filho-eterno-com-o-universo
8,P,Paper 8 - The Infinite Spirit,/urantia-book-standardized/paper-8-infinite-spirit,Documento 8 - El Espíritu Infinito,/es-int/el-libro-de-urantia-internacional/documento-8-el-espiritu-infinito,"Fascicule 8, L’Esprit Infini",/fr/le-livre-d-urantia/fascicule-8-l-esprit-infini,Documento 8 - O Espírito Infinito,/pt/o-livro-de-urantia/documento-8-o-espirito-infinito
9,P,Paper 9 - Relation of the Infinite Spirit to the Universe,/urantia-book-standardized/paper-9-relation-infinite-spirit-universe,Documento 9 - La relación del Espíritu Infinito con el universo,/es-int/el-libro-de-urantia-internacional/documento-9-la-relacion-del-espiritu-infinito-con-el-universo,"Fascicule 9, Position de l’Esprit Infini par rapport à l’univers",/fr/le-livre-d-urantia/fascicule-9-position-de-l-esprit-infini-par-rapport-l-univers,Documento 9 - A Relação do Espírito Infinito com o Universo,/pt/o-livro-de-urantia/documento-9-relacao-do-espirito-infinito-com-o-universo
10,P,Paper 10 - The Paradise Trinity,/urantia-book-standardized/paper-10-paradise-trinity,Documento 10 - La Trinidad del Paraíso,/es-int/el-libro-de-urantia-internacional/documento-10-la-trinidad-del-paraiso,"Fascicule 10, La Trinité du Paradis",/fr/le-livre-d-urantia/fascicule-10-la-trinite-du-paradis,Documento 10 - A Trindade do Paraíso,/pt/o-livro-de-urantia/documento-10-trindade-do-paraiso
11,P,Paper 11 - The Eternal Isle of Paradise,/urantia-book-standardized/paper-11-eternal-isle-paradise,Documento 11 - La Isla Eterna del Paraíso,/es-int/el-libro-de-urantia-internacional/documento-11-la-isla-eterna-del-paraiso,"Fascicule 11, L’Ile éternelle du Paradis",/fr/le-livre-d-urantia/fascicule-11-l-ile-eternelle-du-paradis,Documento 11 - A Ilha Eterna do Paraíso,/pt/o-livro-de-urantia/documento-11-ilha-eterna-do-paraiso
12,P,Paper 12 - The Universe of Universes,/urantia-book-standardized/paper-12-universe-universes,Documento 12 - El universo de universos,/es-int/el-libro-de-urantia-internacional/documento-12-el-universo-de-universos,"Fascicule 12, L’univers des univers",/fr/le-livre-d-urantia/fascicule-12-l-univers-des-univers,Documento 12 - O Universo dos Universos,/pt/o-livro-de-urantia/documento-12-o-universo-dos-universos
13,P,Paper 13 - The Sacred Spheres of Paradise,/urantia-book-standardized/paper-13-sacred-spheres-paradise,Documento 13 - Las esferas sagradas del Paraíso,/es-int/el-libro-de-urantia-internacional/documento-13-las-esferas-sagradas-del-paraiso,"Fascicule 13, Les sphères sacrées du Paradis",/fr/le-livre-d-urantia/fascicule-13-les-spheres-sacrees-du-paradis,Documento 13 - As Esferas Sagradas do Paraíso,/pt/o-livro-de-urantia/documento-13-esferas-sagradas-do-paraiso
14,P,Paper 14 - The Central and Divine Universe,/urantia-book-standardized/paper-14-central-and-divine-universe,Documento 14 - El universo central y divino,/es-int/el-libro-de-urantia-internacional/documento-14-el-universo-central-y-divino,"Fascicule 14, L’univers central et divin",/fr/le-livre-d-urantia/fascicule-14-l-univers-central-et-divin,Documento 14 - O Universo Central e Divino,/pt/o-livro-de-urantia/documento-14-o-universo-central-e-divino
15,P,Paper 15 - The Seven Superuniverses,/urantia-book-standardized/paper-15-seven-superuniverses,Documento 15 - Los siete superuniversos,/es-int/el-libro-de-urantia-internacional/documento-15-los-siete-superuniversos,"Fascicule 15, Les sept superunivers",/fr/le-livre-d-urantia/fascicule-15-les-sept-superunivers,Documento 15 - Os Sete Superuniversos,/pt/o-livro-de-urantia/documento-15-os-sete-superuniversos
16,P,Paper 16 - The Seven Master Spirits,/urantia-book-standardized/paper-16-seven-master-spirits,Documento 16 - Los siete Espíritus Maestros,/es-int/el-libro-de-urantia-internacional/documento-16-los-siete-espiritus-maestros,"Fascicule 16, Les Sept Maitres Esprits",/fr/le-livre-d-urantia/fascicule-16-les-sept-maitres-esprits,Documento 16 - Os Sete Espíritos Mestres,/pt/o-livro-de-urantia/documento-16-os-sete-espiritos-mestres
17,P,Paper 17 - The Seven Supreme Spirit Groups,/urantia-book-standardized/paper-17-seven-supreme-spirit-groups,Documento 17 - Los siete grupos de Espíritus Supremos,/es-int/el-libro-de-urantia-internacional/documento-17-los-siete-grupos-de-espiritus-supremos,"Fascicule 17, Les sept groupes d’Esprits Suprêmes",/fr/le-livre-d-urantia/fascicule-17-les-sept-groupes-d-esprits-supremes,Documento 17 - Os Sete Grupos de Espíritos Supremos,/pt/o-livro-de-urantia/documento-17-os-sete-grupos-de-espiritos-supremos
18,P,Paper 18 - The Supreme Trinity Personalities,/urantia-book-standardized/paper-18-supreme-trinity-personalities,Documento 18 - Las personalidades supremas de la Trinidad,/es-int/el-libro-de-urantia-internacional/documento-18-las-personalidades-supremas-de-la-trinidad,"Fascicule 18, Les Personnalités Suprêmes de la Trinité",/fr/le-livre-d-urantia/fascicule-18-les-personnalites-supremes-de-la-trinite,Documento 18 - As Personalidades Supremas da Trindade,/pt/o-livro-de-urantia/documento-18-personalidades-supremas-da-trindade
19,P,Paper 19 - The Co-ordinate Trinity-Origin Beings,/urantia-book-standardized/paper-19-co-ordinate-trinity-origin-beings,Documento 19 - Los seres de igual rango con origen en la Trinidad,/es-int/el-libro-de-urantia-internacional/documento-19-los-seres-de-igual-rango-con-origen-en-la-trinidad,"Fascicule 19, Les Êtres Coordonnés d’origine Trinitaire",/fr/le-livre-d-urantia/fascicule-19-les-etres-coordonnes-d-origine-trinitaire,Documento 19 - Os Seres Coordenados Originários da Trindade,/pt/o-livro-de-urantia/documento-19-os-seres-coordenados-originarios-da-trindade
20,P,Paper 20 - The Paradise Sons of God,/urantia-book-standardized/paper-20-paradise-sons-god,Documento 20 - Los Hijos de Dios del Paraíso,/es-int/el-libro-de-urantia-internacional/documento-20-los-hijos-de-dios-del-paraiso,"Fascicule 20, Les Fils Paradisiaques de Dieu",/fr/le-livre-d-urantia/fascicule-20-les-fils-paradisiaques-de-dieu,"Documento 20 - Os Filhos de Deus, do Paraíso",/pt/o-livro-de-urantia/documento-20-os-filhos-de-deus-do-paraiso
21,P,Paper 21 - The Paradise Creator Sons,/urantia-book-standardized/paper-21-paradise-creator-sons,Documento 21 - Los Hijos Creadores del Paraíso,/es-int/el-libro-de-urantia-internacional/documento-21-los-hijos-creadores-del-paraiso,"Fascicule 21, Les Fils Créateurs Paradisiaques",/fr/le-livre-d-urantia/fascicule-21-les-fils-paradisiaques-createurs,Documento 21 - Os Filhos Criadores do Paraíso,/pt/o-livro-de-urantia/documento-21-os-filhos-criadores-do-paraiso
22,P,Paper 22 - The Trinitized Sons of God,/urantia-book-standardized/paper-22-trinitized-sons-god,Documento 22 - Los Hijos Trinizados de Dios,/es-int/el-libro-de-urantia-internacional/documento-22-los-hijos-trinizados-de-dios,"Fascicule 22, Les Fils de Dieu Trinitisés",/fr/le-livre-d-urantia/fascicule-22-les-fils-de-dieu-trinitises,Documento 22 - Os Filhos Trinitarizados de Deus,/pt/o-livro-de-urantia/documento-22-os-filhos-trinitarizados-de-deus
23,P,Paper 23 - The Solitary Messengers,/urantia-book-standardized/paper-23-solitary-messengers,Documento 23 - Los Mensajeros Solitarios,/es-int/el-libro-de-urantia-internacional/documento-23-los-mensajeros-solitarios,"Fascicule 23, Les Messagers Solitaires",/fr/le-livre-d-urantia/fascicule-23-les-messagers-solitaires,Documento 23 - Os Mensageiros Solitários,/pt/o-livro-de-urantia/documento-23-os-mensageiros-solitarios
24,P,Paper 24 - Higher Personalities of the Infinite Spirit,/urantia-book-standardized/paper-24-higher-personalities-infinite-spirit,Documento 24 - Las personalidades más altas del Espíritu Infinito,/es-int/el-libro-de-urantia-internacional/documento-24-las-personalidades-mas-altas-del-espiritu-infinito,"Fascicule 24, Personnalités Supérieures de l’Esprit Infini",/fr/le-livre-d-urantia/fascicule-24-personnalites-superieures-de-l-esprit-infini,Documento 24 - As Personalidades Mais Elevadas do Espírito Infinito,/pt/o-livro-de-urantia/documento-24-personalidades-mais-elevadas-do-espirito-infinito
25,P,Paper 25 - The Messenger Hosts of Space,/urantia-book-standardized/paper-25-messenger-hosts-space,Documento 25 - Las huestes de mensajeros del espacio,/es-int/el-libro-de-urantia-internacional/documento-25-las-huestes-de-mensajeros-del-espacio,"Fascicule 25, Les Armées des Messagers de l’Espace",/fr/le-livre-d-urantia/fascicule-25-les-armees-des-messagers-de-l-espace,Documento 25 - As Hostes de Mensageiros do Espaço,/pt/o-livro-de-urantia/documento-25-hostes-de-mensageiros-do-espaco
26,P,Paper 26 - Ministering Spirits of the Central Universe,/urantia-book-standardized/paper-26-ministering-spirits-central-universe,Documento 26 - Los espíritus ministrantes del universo central,/es-int/el-libro-de-urantia-internacional/documento-26-los-espiritus-ministrantes-del-universo-central,"Fascicule 26, Les esprits tutélaires de l’univers central",/fr/le-livre-d-urantia/fascicule-26-les-esprits-tutelaires-de-l-univers-central,Documento 26 - Os Espíritos Ministradores do Universo Central,/pt/o-livro-de-urantia/documento-26-os-espiritos-ministradores-do-universo-central
27,P,Paper 27 - Ministry of the Primary Supernaphim,/urantia-book-standardized/paper-27-ministry-primary-supernaphim,Documento 27 - El ministerio de las supernafines primarias,/es-int/el-libro-de-urantia-internacional/documento-27-el-ministerio-de-las-supernafines-primarias,"Fascicule 27, Le ministère des supernaphins primaires",/fr/le-livre-d-urantia/fascicule-27-le-ministere-des-supernaphins-primaires,Documento 27 - A Ministração dos Supernafins Primários,/pt/o-livro-de-urantia/documento-27-ministracao-dos-supernafins-primarios
28,P,Paper 28 - Ministering Spirits of the Superuniverses,/urantia-book-standardized/paper-28-ministering-spirits-superuniverses,Documento 28 - Los espíritus ministrantes de los superuniversos,/es-int/el-libro-de-urantia-internacional/documento-28-los-espiritus-ministrantes-de-los-superuniversos,"Fascicule 28, Les esprits tutélaires des superunivers",/fr/le-livre-d-urantia/fascicule-28-esprits-tutelaires-des-superunivers,Documento 28 - Os Espíritos Ministradores dos Superuniversos,/pt/o-livro-de-urantia/documento-28-os-espiritos-ministradores-dos-superuniversos
29,P,Paper 29 - The Universe Power Directors,/urantia-book-standardized/paper-29-universe-power-directors,Documento 29 - Los Directores del Poder del Universo,/es-int/el-libro-de-urantia-internacional/documento-29-los-directores-del-poder-del-universo,"Fascicule 29, Les Directeurs de Pouvoir d’Univers",/fr/le-livre-d-urantia/fascicule-29-les-directeurs-de-pouvoir-de-l-univers,Documento 29 - Os Diretores de Potência do Universo,/pt/o-livro-de-urantia/documento-29-os-diretores-de-potencia-do-universo
30,P,Paper 30 - Personalities of the Grand Universe,/urantia-book-standardized/paper-30-personalities-grand-universe,Documento 30 - Las personalidades del gran universo,/es-int/el-libro-de-urantia-internacional/documento-30-las-personalidades-del-gran-universo,"Fascicule 30, Personnalités du grand univers",/fr/le-livre-d-urantia/fascicule-30-personnalites-du-grand-univers,Documento 30 - As Personalidades do Grande Universo,/pt/o-livro-de-urantia/documento-30-personalidades-do-grande-universo
31,P,Paper 31 - The Corps of the Finality,/urantia-book-standardized/paper-31-corps-finality,Documento 31 - El Cuerpo de la Finalización,/es-int/el-libro-de-urantia-internacional/documento-31-el-cuerpo-de-la-finalizacion,"Fascicule 31, Le Corps de la Finalité",/fr/le-livre-d-urantia/fascicule-31-le-corps-de-la-finalite,Documento 31 - O Corpo de Finalidade,/pt/o-livro-de-urantia/documento-31-o-corpo-de-finalidade
32,P,Paper 32 - The Evolution of Local Universes,/urantia-book-standardized/paper-32-evolution-local-universes,Documento 32 - La evolución de los universos locales,/es-int/el-libro-de-urantia-internacional/documento-32-la-evolucion-de-los-universos-locales,"Fascicule 32, L’évolution des univers locaux",/fr/le-livre-d-urantia/fascicule-32-l-evolution-des-univers-local,Documento 32 - A Evolução dos Universos Locais,/pt/o-livro-de-urantia/documento-32-evolucao-dos-universos-locais
33,P,Paper 33 - Administration of the Local Universe,/urantia-book-standardized/paper-33-administration-local-universe,Documento 33 - La administración del universo local,/es-int/el-libro-de-urantia-internacional/documento-33-la-administracion-del-universo-local,"Fascicule 33, Administration de l’univers local",/fr/le-livre-d-urantia/fascicule-33-administration-de-l-univers-local,Documento 33 - A Administração do Universo Local,/pt/o-livro-de-urantia/documento-33-administracao-do-universo-local
34,P,Paper 34 - The Local Universe Mother Spirit,/urantia-book-standardized/paper-34-local-universe-mother-spirit,Documento 34 - El Espíritu Madre del universo local,/es-int/el-libro-de-urantia-internacional/documento-34-el-espiritu-madre-del-universo-local,"Fascicule 34, L’Esprit-Mère de l’univers local",/fr/le-livre-d-urantia/fascicule-34-l-esprit-mere-de-l-univers-local,Documento 34 - O Espírito Materno do Universo Local,/pt/o-livro-de-urantia/documento-34-o-espirito-materno-do-universo-local
35,P,Paper 35 - The Local Universe Sons of God,/urantia-book-standardized/paper-35-local-universe-sons-god,Documento 35 - Los Hijos de Dios de los universos locales,/es-int/el-libro-de-urantia-internacional/documento-35-los-hijos-de-dios-de-los-universos-locales,"Fascicule 35, Les Fils de Dieu de l’univers local",/fr/le-livre-d-urantia/fascicule-35-les-fils-de-dieu-de-l-univers-local,Documento 35 - Os Filhos de Deus do Universo Local,/pt/o-livro-de-urantia/documento-35-os-filhos-de-deus-do-universo-local
36,P,Paper 36 - The Life Carriers,/urantia-book-standardized/paper-36-life-carriers,Documento 36 - Los Portadores de Vida,/es-int/el-libro-de-urantia-internacional/documento-36-los-portadores-de-vida,"Fascicule 36, Les Porteurs de Vie",/fr/le-livre-d-urantia/fascicule-36-les-porteurs-de-vie,Documento 36 - Os Portadores da Vida,/pt/o-livro-de-urantia/documento-36-os-portadores-da-vida
37,P,Paper 37 - Personalities of the Local Universe,/urantia-book-standardized/paper-37-personalities-local-universe,Documento 37 - Las personalidades del universo local,/es-int/el-libro-de-urantia-internacional/documento-37-las-personalidades-del-universo-local,"Fascicule 37, Personnalités de l’univers local",/fr/le-livre-d-urantia/fascicule-37-personnalites-de-l-univers-local,Documento 37 - As Personalidades do Universo Local,/pt/o-livro-de-urantia/documento-37-personalidades-do-universo-local
38,P,Paper 38 - Ministering Spirits of the Local Universe,/urantia-book-standardized/paper-38-ministering-spirits-local-universe,Documento 38 - Los espíritus ministrantes del universo local,/es-int/el-libro-de-urantia-internacional/documento-38-los-espiritus-ministrantes-del-universo-local,"Fascicule 38, Esprits tutélaires de l’univers local",/fr/le-livre-d-urantia/fascicule-38-esprits-tutelaires-de-l-univers-local,Documento 38 - Os Espíritos Ministradores do Universo Local,/pt/o-livro-de-urantia/documento-38-os-espiritos-ministradores-do-universo-local
39,P,Paper 39 - The Seraphic Hosts,/urantia-book-standardized/paper-39-seraphic-hosts,Documento 39 - Las huestes seráficas,/es-int/el-libro-de-urantia-internacional/documento-39-las-huestes-seraficas,"Fascicule 39, Les armées séraphiques",/fr/le-livre-d-urantia/fascicule-39-les-armees-seraphiques,Documento 39 - As Hostes Seráficas,/pt/o-livro-de-urantia/documento-39-hostes-seraficas
40,P,Paper 40 - The Ascending Sons of God,/urantia-book-standardized/paper-40-ascending-sons-god,Documento 40 - Los Hijos de Dios ascendentes,/es-int/el-libro-de-urantia-internacional/documento-40-los-hijos-de-dios-ascendentes,"Fascicule 40, Les Fils Ascendants de Dieu",/fr/le-livre-d-urantia/fascicule-40-les-fils-ascendants-de-dieu,Documento 40 - Os Filhos Ascendentes de Deus,/pt/o-livro-de-urantia/documento-40-os-filhos-ascendentes-de-deus
41,P,Paper 41 - Physical Aspects of the Local Universe,/urantia-book-standardized/paper-41-physical-aspects-local-universe,Documento 41 - Los aspectos físicos del universo local,/es-int/el-libro-de-urantia-internacional/documento-41-los-aspectos-fisicos-del-universo-local,"Fascicule 41, Aspects physiques de l’univers local",/fr/le-livre-d-urantia/fascicule-41-aspects-physiques-de-l-univers-local,Documento 41 - Aspectos Físicos do Universo Local,/pt/o-livro-de-urantia/documento-41-aspectos-fisicos-do-universo-local
42,P,Paper 42 - Energy—Mind and Matter,/urantia-book-standardized/paper-42-energy-mind-and-matter,Documento 42 - La energía: la mente y la materia,/es-int/el-libro-de-urantia-internacional/documento-42-la-energia-la-mente-y-la-materia,"Fascicule 42, Énergie — mental et matière",/fr/le-livre-d-urantia/fascicule-42-energie-mental-et-matiere,Documento 42 - A Energia — a Mente e a Matéria,/pt/o-livro-de-urantia/documento-42-energia-mente-e-materia
43,P,Paper 43 - The Constellations,/urantia-book-standardized/paper-43-constellations,Documento 43 - Las constelaciones,/es-int/el-libro-de-urantia-internacional/documento-43-las-constelaciones,"Fascicule 43, Les constellations",/fr/le-livre-d-urantia/fascicule-43-les-constellations,Documento 43 - As Constelações,/pt/o-livro-de-urantia/documento-43-constelacoes
44,P,Paper 44 - The Celestial Artisans,/urantia-book-standardized/paper-44-celestial-artisans,Documento 44 - Los artesanos celestiales,/es-int/el-libro-de-urantia-internacional/documento-44-los-artesanos-celestiales,"Fascicule 44, Les artisans célestes",/fr/le-livre-d-urantia/fascicule-44-les-artisans-celestes,Documento 44 - Os Artesãos Celestes,/pt/o-livro-de-urantia/documento-44-os-artesaos-celestes
45,P,Paper 45 - The Local System Administration,/urantia-book-standardized/paper-45-local-system-administration,Documento 45 - La administración del sistema local,/es-int/el-libro-de-urantia-internacional/documento-45-la-administracion-del-sistema-local,"Fascicule 45, L’administration du système local",/fr/le-livre-d-urantia/fascicule-45-l-administration-du-systeme-local,Documento 45 - A Administração do Sistema Local,/pt/o-livro-de-urantia/documento-45-administracao-do-sistema-local
46,P,Paper 46 - The Local System Headquarters,/urantia-book-standardized/paper-46-local-system-headquarters,Documento 46 - La sede del sistema local,/es-int/el-libro-de-urantia-internacional/documento-46-la-sede-del-sistema-local,"Fascicule 46, Le siège du système local",/fr/le-livre-d-urantia/fascicule-46-le-siege-du-systeme-local,Documento 46 - A Sede Central do Sistema Local,/pt/o-livro-de-urantia/documento-46-sede-central-do-sistema-local
47,P,Paper 47 - The Seven Mansion Worlds,/urantia-book-standardized/paper-47-seven-mansion-worlds,Documento 47 - Los siete mundos mansión,/es-int/el-libro-de-urantia-internacional/documento-47-los-siete-mundos-mansion,"Fascicule 47, Les sept mondes des maisons",/fr/le-livre-d-urantia/fascicule-47-les-sept-mondes-des-maisons,Documento 47 - Os Sete Mundos Das Mansões,/pt/o-livro-de-urantia/documento-47-os-sete-mundos-das-mansoes
48,P,Paper 48 - The Morontia Life,/urantia-book-standardized/paper-48-morontia-life,Documento 48 - La vida en la morontia,/es-int/el-libro-de-urantia-internacional/documento-48-la-vida-en-la-morontia,"Fascicule 48, La vie morontielle",/fr/le-livre-d-urantia/fascicule-48-la-vie-morontielle,Documento 48 - A Vida Moroncial,/pt/o-livro-de-urantia/documento-48-vida-moroncial
49,P,Paper 49 - The Inhabited Worlds,/urantia-book-standardized/paper-49-inhabited-worlds,Documento 49 - Los mundos habitados,/es-int/el-libro-de-urantia-internacional/documento-49-los-mundos-habitados,"Fascicule 49, Les mondes habités",/fr/le-livre-d-urantia/fascicule-49-les-mondes-habites,Documento 49 - Os Mundos Habitados,/pt/o-livro-de-urantia/documento-49-os-mundos-habitados
50,P,Paper 50 - The Planetary Princes,/urantia-book-standardized/paper-50-planetary-princes,Documento 50 - Los Príncipes Planetarios,/es-int/el-libro-de-urantia-internacional/documento-50-los-principes-planetarios,"Fascicule 50, Les Princes Planétaires",/fr/le-livre-d-urantia/fascicule-50-les-princes-planetaires,Documento 50 - Os Príncipes Planetários,/pt/o-livro-de-urantia/documento-50-os-principes-planetarios
51,P,Paper 51 - The Planetary Adams,/urantia-book-standardized/paper-51-planetary-adams,Documento 51 - Los Adanes planetarios,/es-int/el-libro-de-urantia-internacional/documento-51-los-adanes-planetarios,"Fascicule 51, Les Adams Planétaires",/fr/le-livre-d-urantia/fascicule-51-les-adams-planetaires,Documento 51 - Os Adãos Planetários,/pt/o-livro-de-urantia/documento-51-os-adaos-planetarios
52,P,Paper 52 - Planetary Mortal Epochs,/urantia-book-standardized/paper-52-planetary-mortal-epochs,Documento 52 - Las épocas planetarias de los mortales,/es-int/el-libro-de-urantia-internacional/documento-52-las-epocas-planetarias-de-los-mortales,"Fascicule 52, Époques planétaires des mortels",/fr/le-livre-d-urantia/fascicule-52-epoques-planetaires-des-mortels,Documento 52 - As Épocas Planetárias dos Mortais,/pt/o-livro-de-urantia/documento-52-epocas-planetarias-dos-mortais
53,P,Paper 53 - The Lucifer Rebellion,/urantia-book-standardized/paper-53-lucifer-rebellion,Documento 53 - La rebelión de Lucifer,/es-int/el-libro-de-urantia-internacional/documento-53-la-rebelion-de-lucifer,"Fascicule 53, La rébellion de Lucifer",/fr/le-livre-d-urantia/fascicule-53-la-rebellion-de-lucifer,Documento 53 - A Rebelião de Lúcifer,/pt/o-livro-de-urantia/documento-53-rebeliao-de-lucifer
54,P,Paper 54 - Problems of the Lucifer Rebellion,/urantia-book-standardized/paper-54-problems-lucifer-rebellion,Documento 54 - Los problemas de la rebelión de Lucifer,/es-int/el-libro-de-urantia-internacional/documento-54-los-problemas-de-la-rebelion-de-lucifer,"Fascicule 54, Problèmes de la rébellion de Lucifer",/fr/le-livre-d-urantia/fascicule-54-problemes-de-la-rebellion-de-lucifer,Documento 54 - Os Problemas da Rebelião de Lúcifer,/pt/o-livro-de-urantia/documento-54-os-problemas-da-rebeliao-de-lucifer
55,P,Paper 55 - The Spheres of Light and Life,/urantia-book-standardized/paper-55-spheres-light-and-life,Documento 55 - Las esferas de luz y vida,/es-int/el-libro-de-urantia-internacional/documento-55-las-esferas-de-luz-y-vida,"Fascicule 55, Les sphères de lumière et de vie",/fr/le-livre-d-urantia/fascicule-55-les-spheres-de-lumiere-et-de-vie,Documento 55 - As Esferas de Luz e Vida,/pt/o-livro-de-urantia/documento-55-esferas-de-luz-e-vida
56,P,Paper 56 - Universal Unity,/urantia-book-standardized/paper-56-universal-unity,Documento 56 - La unidad universal,/es-int/el-libro-de-urantia-internacional/documento-56-la-unidad-universal,"Fascicule 56, Unité universelle",/fr/le-livre-d-urantia/fascicule-56-unite-universelle,Documento 56 - A Unidade Universal,/pt/o-livro-de-urantia/documento-56-unidade-universal
57,P,Paper 57 - The Origin of Urantia,/urantia-book-standardized/paper-57-origin-urantia,Documento 57 - El origen de Urantia,/es-int/el-libro-de-urantia-internacional/documento-57-el-origen-de-urantia,"Fascicule 57, L’origine d’Urantia",/fr/le-livre-d-urantia/fascicule-57-l-origine-d-urantia,Documento 57 - A Origem de Urântia,/pt/o-livro-de-urantia/documento-57-origem-de-urantia
58,P,Paper 58 - Life Establishment on Urantia,/urantia-book-standardized/paper-58-life-establishment-urantia,Documento 58 - El establecimiento de la vida en Urantia,/es-int/el-libro-de-urantia-internacional/documento-58-el-establecimiento-de-la-vida-en-urantia,"Fascicule 58, L’établissement de la vie sur Urantia",/fr/le-livre-d-urantia/fascicule-58-l-etablissement-de-la-vie-sur-urantia,Documento 58 - O Estabelecimento da Vida em Urântia,/pt/o-livro-de-urantia/documento-58-o-estabelecimento-da-vida-em-urantia
59,P,Paper 59 - The Marine-Life Era on Urantia,/urantia-book-standardized/paper-59-marine-life-era-urantia,Documento 59 - La era de la vida marina en Urantia,/es-int/el-libro-de-urantia-internacional/documento-59-la-era-de-la-vida-marina-en-urantia,"Fascicule 59, L’ère de la vie marine sur Urantia",/fr/le-livre-d-urantia/fascicule-59-l-ere-de-la-vie-marine-sur-urantia,Documento 59 - A Era da Vida Marinha em Urântia,/pt/o-livro-de-urantia/documento-59-era-da-vida-marinha-em-urantia
60,P,Paper 60 - Urantia During the Early Land-Life Era,/urantia-book-standardized/paper-60-urantia-during-early-land-life-era,Documento 60 - Urantia durante la era de la primera vida terrestre,/es-int/el-libro-de-urantia-internacional/documento-60-urantia-durante-la-era-de-la-primera-vida-terrestre,"Fascicule 60, Urantia pendant l’ère de la vie terrestre primitive",/fr/le-livre-d-urantia/fascicule-60-urantia-pendant-l-ere-de-la-vie-terrestre-primitive,Documento 60 - Urântia Durante a Era da Vida Terrestre Primitiva,/pt/o-livro-de-urantia/documento-60-urantia-durante-era-da-vida-terrestre-primitiva
61,P,Paper 61 - The Mammalian Era on Urantia,/urantia-book-standardized/paper-61-mammalian-era-urantia,Documento 61 - La era de los mamíferos en Urantia,/es-int/el-libro-de-urantia-internacional/documento-61-la-era-de-los-mamiferos-en-urantia,"Fascicule 61, L’ère des mammifères sur Urantia",/fr/le-livre-d-urantia/fascicule-61-l-ere-des-mammiferes-sur-urantia,Documento 61 - A Era dos Mamíferos em Urântia,/pt/o-livro-de-urantia/documento-61-era-dos-mamiferos-em-urantia
62,P,Paper 62 - The Dawn Races of Early Man,/urantia-book-standardized/paper-62-dawn-races-early-man,Documento 62 - Las razas de los albores del primer hombre,/es-int/el-libro-de-urantia-internacional/documento-62-las-razas-de-los-albores-del-primer-hombre,"Fascicule 62, Les races à l’aurore de l’homme primitif",/fr/le-livre-d-urantia/fascicule-62-les-races-l-aurore-de-l-homme-primitif,Documento 62 - As Raças Na Aurora do Homem Primitivo,/pt/o-livro-de-urantia/documento-62-racas-na-aurora-do-homem-primitivo
63,P,Paper 63 - The First Human Family,/urantia-book-standardized/paper-63-first-human-family,Documento 63 - La primera familia humana,/es-int/el-libro-de-urantia-internacional/documento-63-la-primera-familia-humana,"Fascicule 63, La première famille humaine",/fr/le-livre-d-urantia/fascicule-63-la-premiere-famille-humaine,Documento 63 - A Primeira Família Humana,/pt/o-livro-de-urantia/documento-63-primeira-familia-humana
64,P,Paper 64 - The Evolutionary Races of Color,/urantia-book-standardized/paper-64-evolutionary-races-color,Documento 64 - Las razas evolutivas de color,/es-int/el-libro-de-urantia-internacional/documento-64-las-razas-evolutivas-de-color,"Fascicule 64, Les races évolutionnaires de couleur",/fr/le-livre-d-urantia/fascicule-64-les-races-evolutionnaires-de-couleur,Documento 64 - As Raças Evolucionárias de Cor,/pt/o-livro-de-urantia/documento-64-racas-evolucionarias-de-cor
65,P,Paper 65 - The Overcontrol of Evolution,/urantia-book-standardized/paper-65-overcontrol-evolution,Documento 65 - El sobrecontrol de la evolución,/es-int/el-libro-de-urantia-internacional/documento-65-el-sobrecontrol-de-la-evolucion,"Fascicule 65, Le supercontrôle de l’évolution",/fr/le-livre-d-urantia/fascicule-65-le-supercontrole-de-l-evolution,Documento 65 - O Supercontrole da Evolução,/pt/o-livro-de-urantia/documento-65-o-supercontrole-da-evolucao
66,P,Paper 66 - The Planetary Prince of Urantia,/urantia-book-standardized/paper-66-planetary-prince-urantia,Documento 66 - El Príncipe Planetario de Urantia,/es-int/el-libro-de-urantia-internacional/documento-66-el-principe-planetario-de-urantia,"Fascicule 66, Le Prince Planétaire d’Urantia",/fr/le-livre-d-urantia/fascicule-66-le-prince-planetaire-d-urantia,Documento 66 - O Príncipe Planetário de Urântia,/pt/o-livro-de-urantia/documento-66-o-principe-planetario-de-urantia
67,P,Paper 67 - The Planetary Rebellion,/urantia-book-standardized/paper-67-planetary-rebellion,Documento 67 - La rebelión planetaria,/es-int/el-libro-de-urantia-internacional/documento-67-la-rebelion-planetaria,"Fascicule 67, La rébellion planétaire",/fr/le-livre-d-urantia/fascicule-67-la-rebellion-planetaire,Documento 67 - A Rebelião Planetária,/pt/o-livro-de-urantia/documento-67-rebeliao-planetaria
68,P,Paper 68 - The Dawn of Civilization,/urantia-book-standardized/paper-68-dawn-civilization,Documento 68 - Los albores de la civilización,/es-int/el-libro-de-urantia-internacional/documento-68-los-albores-de-la-civilizacion,"Fascicule 68, L’aurore de la civilisation",/fr/le-livre-d-urantia/fascicule-68-l-aurore-de-la-civilisation,Documento 68 - A Aurora da Civilização,/pt/o-livro-de-urantia/documento-68-aurora-da-civilizacao
69,P,Paper 69 - Primitive Human Institutions,/urantia-book-standardized/paper-69-primitive-human-institutions,Documento 69 - Las instituciones humanas primitivas,/es-int/el-libro-de-urantia-internacional/documento-69-las-instituciones-humanas-primitivas,"Fascicule 69, Les institutions humaines primitives",/fr/le-livre-d-urantia/fascicule-69-les-institutions-humaines-primitives,Documento 69 - As Instituições Humanas Primitivas,/pt/o-livro-de-urantia/documento-69-instituicoes-humanas-primitivas
70,P,Paper 70 - The Evolution of Human Government,/urantia-book-standardized/paper-70-evolution-human-government,Documento 70 - La evolución del gobierno humano,/es-int/el-libro-de-urantia-internacional/documento-70-la-evolucion-del-gobierno-humano,"Fascicule 70, L’évolution du gouvernement humain",/fr/le-livre-d-urantia/fascicule-70-l-evolution-du-gouvernement-humain,Documento 70 - A Evolução do Governo Humano,/pt/o-livro-de-urantia/documento-70-evolucao-do-governo-humano
71,P,Paper 71 - Development of the State,/urantia-book-standardized/paper-71-development-state,Documento 71 - El desarrollo del Estado,/es-int/el-libro-de-urantia-internacional/documento-71-el-desarrollo-del-estado,"Fascicule 71, Développement de l’État",/fr/le-livre-d-urantia/fascicule-71-developpement-de-l-etat,Documento 71 - O Desenvolvimento do Estado,/pt/o-livro-de-urantia/documento-71-o-desenvolvimento-do-estado
72,P,Paper 72 - Government on a Neighboring Planet,/urantia-book-standardized/paper-72-government-neighboring-planet,Documento 72 - El gobierno de un planeta vecino,/es-int/el-libro-de-urantia-internacional/documento-72-el-gobierno-de-un-planeta-vecino,"Fascicule 72, Le gouvernement sur une planète voisine",/fr/le-livre-d-urantia/fascicule-72-le-gouvernement-sur-une-planete-voisine,"Documento 72 - O Governo, Num Planeta Vizinho",/pt/o-livro-de-urantia/documento-72-o-governo-num-planeta-vizinho
73,P,Paper 73 - The Garden of Eden,/urantia-book-standardized/paper-73-garden-eden,Documento 73 - El Jardín del Edén,/es-int/el-libro-de-urantia-internacional/documento-73-el-jardin-del-eden,"Fascicule 73, Le Jardin d’Éden",/fr/le-livre-d-urantia/fascicule-73-le-jardin-d-eden,Documento 73 - O Jardim do Éden,/pt/o-livro-de-urantia/documento-73-o-jardim-do-eden
74,P,Paper 74 - Adam and Eve,/urantia-book-standardized/paper-74-adam-and-eve,Documento 74 - Adán y Eva,/es-int/el-libro-de-urantia-internacional/documento-74-adan-y-eva,"Fascicule 74, Adam et Ève",/fr/le-livre-d-urantia/fascicule-74-adam-et-eve,Documento 74 - Adão e Eva,/pt/o-livro-de-urantia/documento-74-adao-e-eva
75,P,Paper 75 - The Default of Adam and Eve,/urantia-book-standardized/paper-75-default-adam-and-eve,Documento 75 - La falta de Adán y Eva,/es-int/el-libro-de-urantia-internacional/documento-75-la-falta-de-adan-y-eva,"Fascicule 75, La faute d’Adam et d’Ève",/fr/le-livre-d-urantia/fascicule-75-la-faute-d-adam-et-d-eve,Documento 75 - A Falta de Adão e Eva,/pt/o-livro-de-urantia/documento-75-falta-de-adao-e-eva
76,P,Paper 76 - The Second Garden,/urantia-book-standardized/paper-76-second-garden,Documento 76 - El segundo Jardín,/es-int/el-libro-de-urantia-internacional/documento-76-el-segundo-jardin,"Fascicule 76, Le second jardin",/fr/le-livre-d-urantia/fascicule-76-le-second-jardin,Documento 76 - O Segundo Jardim,/pt/o-livro-de-urantia/documento-76-o-segundo-jardim
77,P,Paper 77 - The Midway Creatures,/urantia-book-standardized/paper-77-midway-creatures,Documento 77 - Las criaturas intermedias,/es-int/el-libro-de-urantia-internacional/documento-77-las-criaturas-intermedias,"Fascicule 77, Les créatures médianes",/fr/le-livre-d-urantia/fascicule-77-les-creatures-medianes,Documento 77 - As Criaturas Intermediárias,/pt/o-livro-de-urantia/documento-77-criaturas-intermediarias
78,P,Paper 78 - The Violet Race After the Days of Adam,/urantia-book-standardized/paper-78-violet-race-after-days-adam,Documento 78 - La raza violeta después de los días de Adán,/es-int/el-libro-de-urantia-internacional/documento-78-la-raza-violeta-despues-de-los-dias-de-adan,"Fascicule 78, La race violette après les jours d’Adam",/fr/le-livre-d-urantia/fascicule-78-la-race-violette-apres-les-jours-d-adam,Documento 78 - A Raça Violeta Depois dos Dias de Adão,/pt/o-livro-de-urantia/documento-78-raca-violeta-depois-dos-dias-de-adao
79,P,Paper 79 - Andite Expansion in the Orient,/urantia-book-standardized/paper-79-andite-expansion-in-orient,Documento 79 - La expansión andita en Oriente,/es-int/el-libro-de-urantia-internacional/documento-79-la-expansion-andita-en-oriente,"Fascicule 79, L’expansion andite en Orient",/fr/le-livre-d-urantia/fascicule-79-l-expansion-andite-en-orient,Documento 79 - A Expansão Andita No Oriente,/pt/o-livro-de-urantia/documento-79-expansao-andita-no-oriente
80,P,Paper 80 - Andite Expansion in the Occident,/urantia-book-standardized/paper-80-andite-expansion-in-occident,Documento 80 - La expansión andita en Occidente,/es-int/el-libro-de-urantia-internacional/documento-80-la-expansion-andita-en-occidente,"Fascicule 80, L’expansion andite en Occident",/fr/le-livre-d-urantia/fascicule-80-l-expansion-andite-en-occident,Documento 80 - A Expansão Andita No Ocidente,/pt/o-livro-de-urantia/documento-80-expansao-andita-no-ocidente
81,P,Paper 81 - Development of Modern Civilization,/urantia-book-standardized/paper-81-development-modern-civilization,Documento 81 - El desarrollo de la civilización moderna,/es-int/el-libro-de-urantia-internacional/documento-81-el-desarrollo-de-la-civilizacion-moderna,"Fascicule 81, Développement de la civilisation moderne",/fr/le-livre-d-urantia/fascicule-81-developpement-de-la-civilisation-moderne,Documento 81 - O Desenvolvimento da Civilização Moderna,/pt/o-livro-de-urantia/documento-81-o-desenvolvimento-da-civilizacao-moderna
82,P,Paper 82 - The Evolution of Marriage,/urantia-book-standardized/paper-82-evolution-marriage,Documento 82 - La evolución del matrimonio,/es-int/el-libro-de-urantia-internacional/documento-82-la-evolucion-del-matrimonio,"Fascicule 82, L’évolution du mariage",/fr/le-livre-d-urantia/fascicule-82-l-evolution-du-mariage,Documento 82 - A Evolução do Matrimônio,/pt/o-livro-de-urantia/documento-82-evolucao-do-matrimonio
83,P,Paper 83 - The Marriage Institution,/urantia-book-standardized/paper-83-marriage-institution,Documento 83 - La institución del matrimonio,/es-int/el-libro-de-urantia-internacional/documento-83-la-institucion-del-matrimonio,"Fascicule 83, L’institution du mariage",/fr/le-livre-d-urantia/fascicule-83-l-institution-du-mariage,Documento 83 - A Instituição do Matrimônio,/pt/o-livro-de-urantia/documento-83-instituicao-do-matrimonio
84,P,Paper 84 - Marriage and Family Life,/urantia-book-standardized/paper-84-marriage-and-family-life,Documento 84 - El matrimonio y la vida de familia,/es-int/el-libro-de-urantia-internacional/documento-84-el-matrimonio-y-la-vida-de-familia,"Fascicule 84, Le mariage et la vie familiale",/fr/le-livre-d-urantia/fascicule-84-le-mariage-et-la-vie-familiale,Documento 84 - O Matrimônio e a Vida Familiar,/pt/o-livro-de-urantia/documento-84-o-matrimonio-e-vida-familiar
85,P,Paper 85 - The Origins of Worship,/urantia-book-standardized/paper-85-origins-worship,Documento 85 - Los orígenes de la adoración,/es-int/el-libro-de-urantia-internacional/documento-85-los-origenes-de-la-adoracion,"Fascicule 85, Les origines de l’adoration",/fr/le-livre-d-urantia/fascicule-85-les-origines-de-l-adoration,Documento 85 - As Origens da Adoração,/pt/o-livro-de-urantia/documento-85-origens-da-adoracao
86,P,Paper 86 - Early Evolution of Religion,/urantia-book-standardized/paper-86-early-evolution-religion,Documento 86 - La evolución inicial de la religión,/es-int/el-libro-de-urantia-internacional/documento-86-la-evolucion-inicial-de-la-religion,"Fascicule 86, L’évolution primitive de la religion",/fr/le-livre-d-urantia/fascicule-86-l-evolution-primitive-de-la-religion,Documento 86 - A Evolução Primitiva da Religião,/pt/o-livro-de-urantia/documento-86-evolucao-primitiva-da-religiao
87,P,Paper 87 - The Ghost Cults,/urantia-book-standardized/paper-87-ghost-cults,Documento 87 - Los cultos a los fantasmas,/es-int/el-libro-de-urantia-internacional/documento-87-los-cultos-los-fantasmas,"Fascicule 87, Les cultes des fantômes",/fr/le-livre-d-urantia/fascicule-87-les-cultes-des-fantomes,Documento 87 - Os Cultos dos Fantasmas Ou Espectros,/pt/o-livro-de-urantia/documento-87-os-cultos-dos-fantasmas-ou-espectros
88,P,"Paper 88 - Fetishes, Charms, and Magic",/urantia-book-standardized/paper-88-fetishes-charms-and-magic,"Documento 88 - Los fetiches, los amuletos y la magia",/es-int/el-libro-de-urantia-internacional/documento-88-los-fetiches-los-amuletos-y-la-magia,"Fascicule 88, Fétiches, charmes et magie",/fr/le-livre-d-urantia/fascicule-88-fetiches-charmes-et-magie,"Documento 88 - Fetiches, Encantos e Magias",/pt/o-livro-de-urantia/documento-88-fetiches-encantos-e-magias
89,P,"Paper 89 - Sin, Sacrifice, and Atonement",/urantia-book-standardized/paper-89-sin-sacrifice-and-atonement,"Documento 89 - El pecado, el sacrificio y la expiación",/es-int/el-libro-de-urantia-internacional/documento-89-el-pecado-el-sacrificio-y-la-expiacion,"Fascicule 89, Péché, sacrifice et expiation",/fr/le-livre-d-urantia/fascicule-89-peche-sacrifice-et-expiation,"Documento 89 - Pecado, Sacrifício e Expiação",/pt/o-livro-de-urantia/documento-89-pecado-sacrificio-e-expiacao
90,P,Paper 90 - Shamanism—Medicine Men and Priests,/urantia-book-standardized/paper-90-shamanism-medicine-men-and-priests,Documento 90 - El chamanismo: los curanderos y los sacerdotes,/es-int/el-libro-de-urantia-internacional/documento-90-el-chamanismo-los-curanderos-y-los-sacerdotes,"Fascicule 90, Le chamanisme, sorciers-guérisseurs et prêtres",/fr/le-livre-d-urantia/fascicule-90-shamanism-le-chamanisme-medecine-men-et-pretres,Documento 90 - Xamanismo — os Curandeiros e os Sacerdotes,/pt/o-livro-de-urantia/documento-90-xamanismo-os-curandeiros-e-os-sacerdotes
91,P,Paper 91 - The Evolution of Prayer,/urantia-book-standardized/paper-91-evolution-prayer,Documento 91 - La evolución de la oración,/es-int/el-libro-de-urantia-internacional/documento-91-la-evolucion-de-la-oracion,"Fascicule 91, L’évolution de la prière",/fr/le-livre-d-urantia/fascicule-91-l-evolution-de-la-priere,Documento 91 - A Evolução da Prece,/pt/o-livro-de-urantia/documento-91-evolucao-da-prece
92,P,Paper 92 - The Later Evolution of Religion,/urantia-book-standardized/paper-92-later-evolution-religion,Documento 92 - La evolución posterior de la religión,/es-int/el-libro-de-urantia-internacional/documento-92-la-evolucion-posterior-de-la-religion,"Fascicule 92, L’évolution ultérieure de la religion",/fr/le-livre-d-urantia/fascicule-92-l-evolution-ulterieure-de-la-religion,Documento 92 - A Evolução Posterior da Religião,/pt/o-livro-de-urantia/documento-92-evolucao-posterior-da-religiao
93,P,Paper 93 - Machiventa Melchizedek,/urantia-book-standardized/paper-93-machiventa-melchizedek,Documento 93 - Maquiventa Melquisedec,/es-int/el-libro-de-urantia-internacional/documento-93-maquiventa-melquisedec,"Fascicule 93, Machiventa Melchizédek",/fr/le-livre-d-urantia/fascicule-93-machiventa-melchizedek,Documento 93 - Maquiventa Melquisedeque,/pt/o-livro-de-urantia/documento-93-maquiventa-melquisedeque
94,P,Paper 94 - The Melchizedek Teachings in the Orient,/urantia-book-standardized/paper-94-melchizedek-teachings-in-orient,Documento 94 - Las enseñanzas de Melquisedec en Oriente,/es-int/el-libro-de-urantia-internacional/documento-94-las-ensenanzas-de-melquisedec-en-oriente,"Fascicule 94, Les enseignements de Melchizédek en Orient",/fr/le-livre-d-urantia/fascicule-94-les-enseignements-de-melchizedek-en-orient,Documento 94 - Os Ensinamentos de Melquisedeque No Oriente,/pt/o-livro-de-urantia/documento-94-os-ensinamentos-de-melquisedeque-no-oriente
95,P,Paper 95 - The Melchizedek Teachings in the Levant,/urantia-book-standardized/paper-95-melchizedek-teaching-in-levant,Documento 95 - Las enseñanzas de Melquisedec en el Levante,/es-int/el-libro-de-urantia-internacional/documento-95-las-ensenanzas-de-melquisedec-en-el-levante,"Fascicule 95, Les enseignements de Melchizédek dans le Levant",/fr/le-livre-d-urantia/fascicule-95-les-enseignements-de-melchizedek-dans-le-levant,Documento 95 - Os Ensinamentos de Melquisedeque No Levante,/pt/o-livro-de-urantia/documento-95-os-ensinamentos-de-melquisedeque-no-levante
96,P,Paper 96 - Yahweh—God of the Hebrews,/urantia-book-standardized/paper-96-yahweh-god-hebrews,"Documento 96 - Yahvé, el Dios de los hebreos",/es-int/el-libro-de-urantia-internacional/documento-96-yahve-el-dios-de-los-hebreos,"Fascicule 96, Yahweh — le Dieu des Hébreux",/fr/le-livre-d-urantia/fascicule-96-yahweh-le-dieu-des-hebreux,Documento 96 - Yavé — O Deus dos Hebreus,/pt/o-livro-de-urantia/documento-96-yave-o-deus-dos-hebreus
97,P,Paper 97 - Evolution of the God Concept Among the Hebrews,/urantia-book-standardized/paper-97-evolution-god-concept-among-hebrews,Documento 97 - La evolución del concepto de Dios entre los hebreos,/es-int/el-libro-de-urantia-internacional/documento-97-la-evolucion-del-concepto-de-dios-entre-los-hebreos,"Fascicule 97, L’évolution du concept de Dieu chez les Hébreux",/fr/le-livre-d-urantia/fascicule-97-l-evolution-du-concept-de-dieu-chez-les-hebreux,Documento 97 - A Evolução do Conceito de Deus Entre os Hebreus,/pt/o-livro-de-urantia/documento-97-evolucao-do-conceito-de-deus-entre-os-hebreus
98,P,Paper 98 - The Melchizedek Teachings in the Occident,/urantia-book-standardized/paper-98-melchizedek-teachings-in-occident,Documento 98 - Las enseñanzas de Melquisedec en Occidente,/es-int/el-libro-de-urantia-internacional/documento-98-las-ensenanzas-de-melquisedec-en-occidente,"Fascicule 98, Les enseignements de Melchizédek en Occident",/fr/le-livre-d-urantia/fascicule-98-les-enseignements-de-melchizedek-en-occident,Documento 98 - Os Ensinamentos de Melquisedeque No Ocidente,/pt/o-livro-de-urantia/documento-98-os-ensinamentos-de-melquisedeque-no-ocidente
99,P,Paper 99 - The Social Problems of Religion,/urantia-book-standardized/paper-99-social-problems-religion,Documento 99 - Los problemas sociales de la religión,/es-int/el-libro-de-urantia-internacional/documento-99-los-problemas-sociales-de-la-religion,"Fascicule 99, Les problèmes sociaux de la religion",/fr/le-livre-d-urantia/fascicule-99-les-problemes-sociaux-de-la-religion,Documento 99 - Os Problemas Sociais da Religião,/pt/o-livro-de-urantia/documento-99-os-problemas-sociais-da-religiao
100,P,Paper 100 - Religion in Human Experience,/urantia-book-standardized/paper-100-religion-in-human-experience,Documento 100 - La religión en la experiencia humana,/es-int/el-libro-de-urantia-internacional/documento-100-la-religion-en-la-experiencia-humana,"Fascicule 100, La religion dans l’expérience humaine",/fr/le-livre-d-urantia/fascicule-100-la-religion-dans-l-experience-humaine,Documento 100 - A Religião Na Experiência Humana,/pt/o-livro-de-urantia/documento-100-religiao-na-experiencia-humana
101,P,Paper 101 - The Real Nature of Religion,/urantia-book-standardized/paper-101-real-nature-religion,Documento 101 - La naturaleza real de la religión,/es-int/el-libro-de-urantia-internacional/documento-101-la-naturaleza-real-de-la-religion,"Fascicule 101, La nature réelle de la religion",/fr/le-livre-d-urantia/fascicule-101-la-nature-reelle-de-la-religion,Documento 101 - A Verdadeira Natureza da Religião,/pt/o-livro-de-urantia/documento-101-verdadeira-natureza-da-religiao
102,P,Paper 102 - The Foundations of Religious Faith,/urantia-book-standardized/paper-102-foundations-religious-faith,Documento 102 - Los fundamentos de la fe religiosa,/es-int/el-libro-de-urantia-internacional/documento-102-los-fundamentos-de-la-fe-religiosa,"Fascicule 102, Les fondements de la foi religieuse",/fr/le-livre-d-urantia/fascicule-102-les-fondements-de-la-foi-religieuse,Documento 102 - Os Fundamentos da Fé Religiosa,/pt/o-livro-de-urantia/documento-102-os-fundamentos-da-fe-religiosa
103,P,Paper 103 - The Reality of Religious Experience,/urantia-book-standardized/paper-103-reality-religious-experience,Documento 103 - La realidad de la experiencia religiosa,/es-int/el-libro-de-urantia-internacional/documento-103-la-realidad-de-la-experiencia-religiosa,"Fascicule 103, La réalité de l’expérience religieuse",/fr/le-livre-d-urantia/fascicule-103-la-realite-de-l-experience-religieuse,Documento 103 - A Realidade da Experiência Religiosa,/pt/o-livro-de-urantia/documento-103-realidade-da-experiencia-religiosa
104,P,Paper 104 - Growth of the Trinity Concept,/urantia-book-standardized/paper-104-growth-trinity-concept,Documento 104 - El crecimiento del concepto de trinidad,/es-int/el-libro-de-urantia-internacional/documento-104-el-crecimiento-del-concepto-de-trinidad,"Fascicule 104, Croissance du concept de Trinité",/fr/le-livre-d-urantia/fascicule-104-croissance-du-concept-de-trinite,Documento 104 - O Crescimento do Conceito da Trindade,/pt/o-livro-de-urantia/documento-104-o-crescimento-do-conceito-da-trindade
105,P,Paper 105 - Deity and Reality,/urantia-book-standardized/paper-105-deity-and-reality,Documento 105 - La deidad y la realidad,/es-int/el-libro-de-urantia-internacional/documento-105-la-deidad-y-la-realidad,"Fascicule 105, Déité et réalité",/fr/le-livre-d-urantia/fascicule-105-deite-et-realite,Documento 105 - A Deidade e a Realidade,/pt/o-livro-de-urantia/documento-105-deidade-e-realidade
106,P,Paper 106 - Universe Levels of Reality,/urantia-book-standardized/paper-106-universe-levels-reality,Documento 106 - Los niveles de realidad en el universo,/es-int/el-libro-de-urantia-internacional/documento-106-los-niveles-de-realidad-en-el-universo,"Fascicule 106, Niveaux de réalité de l’univers",/fr/le-livre-d-urantia/fascicule-106-niveaux-de-realite-de-l-univers,Documento 106 - Os Níveis de Realidade No Universo,/pt/o-livro-de-urantia/documento-106-os-niveis-de-realidade-no-universo
107,P,Paper 107 - Origin and Nature of Thought Adjusters,/urantia-book-standardized/paper-107-origin-and-nature-thought-adjusters,Documento 107 - El origen y la naturaleza de los Ajustadores del Pensamiento,/es-int/el-libro-de-urantia-internacional/documento-107-el-origen-y-la-naturaleza-de-los-ajustadores-del,"Fascicule 107, Origine et nature des Ajusteurs de Pensée",/fr/le-livre-d-urantia/fascicule-107-origine-et-nature-des-ajusteurs-de-pensee,Documento 107 - A Origem e a Natureza dos Ajustadores do Pensamento,/pt/o-livro-de-urantia/documento-107-origem-e-natureza-dos-ajustadores-do-pensamento
108,P,Paper 108 - Mission and Ministry of Thought Adjusters,/urantia-book-standardized/paper-108-mission-and-ministry-thought-adjusters,Documento 108 - La misión y el ministerio de los Ajustadores del Pensamiento,/es-int/el-libro-de-urantia-internacional/documento-108-la-mision-y-el-ministerio-de-los-ajustadores-del,"Fascicule 108, Mission et ministère des Ajusteurs de Pensée",/fr/le-livre-d-urantia/fascicule-108-mission-et-ministere-des-ajusteurs-de-pensee,Documento 108 - A Missão e o Ministério dos Ajustadores do Pensamento,/pt/o-livro-de-urantia/documento-108-missao-e-o-ministerio-dos-ajustadores-do-pensamento
109,P,Paper 109 - Relation of Adjusters to Universe Creatures,/urantia-book-standardized/paper-109-relation-adjusters-universe-creatures,Documento 109 - La relación de los Ajustadores con las criaturas del universo,/es-int/el-libro-de-urantia-internacional/documento-109-relacion-ajustadores-con-criaturas-del-universo,"Fascicule 109, Position des Ajusteurs par rapport aux créatures de l’univers",/fr/le-livre-d-urantia/fascicule-109-position-des-ajusteurs-par-rapport-aux-creatures-de-l-univers,Documento 109 - A Relação dos Ajustadores com as Criaturas do Universo,/pt/o-livro-de-urantia/documento-109-relacao-dos-ajustadores-com-criaturas-do-universo
110,P,Paper 110 - Relation of Adjusters to Individual Mortals,/urantia-book-standardized/paper-110-relation-adjusters-individual-mortals,Documento 110 - La relación de los Ajustadores con los mortales individuales,/es-int/el-libro-de-urantia-internacional/documento-110-la-relacion-de-los-ajustadores-con-los-mortales,"Fascicule 110, Position des Ajusteurs par rapport aux mortels individuels",/fr/le-livre-d-urantia/fascicule-110-position-des-ajusteurs-par-rapport-aux-mortels-individuels,Documento 110 - A Relação dos Ajustadores com os Indivíduos Mortais,/pt/o-livro-de-urantia/documento-110-relacao-dos-ajustadores-com-os-individuos-mortais
111,P,Paper 111 - The Adjuster and the Soul,/urantia-book-standardized/paper-111-adjuster-and-soul,Documento 111 - El Ajustador y el alma,/es-int/el-libro-de-urantia-internacional/documento-111-el-ajustador-y-el-alma,"Fascicule 111, L’Ajusteur et l’âme",/fr/le-livre-d-urantia/fascicule-111-l-ajusteur-et-l-ame,Documento 111 - O Ajustador e a Alma,/pt/o-livro-de-urantia/documento-111-o-ajustador-e-alma
112,P,Paper 112 - Personality Survival,/urantia-book-standardized/paper-112-personality-survival,Documento 112 - La supervivencia de la personalidad,/es-int/el-libro-de-urantia-internacional/documento-112-la-supervivencia-de-la-personalidad,"Fascicule 112, La survie de la personnalité",/fr/le-livre-d-urantia/fascicule-112-la-survie-de-la-personnalite,Documento 112 - A Sobrevivência da Personalidade,/pt/o-livro-de-urantia/documento-112-sobrevivencia-da-personalidade
113,P,Paper 113 - Seraphic Guardians of Destiny,/urantia-book-standardized/paper-113-seraphic-guardians-destiny,Documento 113 - Las guardianas seráficas del destino,/es-int/el-libro-de-urantia-internacional/documento-113-las-guardianas-seraficas-del-destino,"Fascicule 113, Les gardiens séraphiques de la destinée",/fr/le-livre-d-urantia/fascicule-113-les-gardiens-seraphiques-de-la-destinee,Documento 113 - Os Guardiães Seráficos do Destino,/pt/o-livro-de-urantia/documento-113-os-guardiaes-seraficos-do-destino
114,P,Paper 114 - Seraphic Planetary Government,/urantia-book-standardized/paper-114-seraphic-planetary-government,Documento 114 - El gobierno planetario seráfico,/es-int/el-libro-de-urantia-internacional/documento-114-el-gobierno-planetario-serafico,"Fascicule 114, Le gouvernement planétaire des séraphins",/fr/le-livre-d-urantia/fascicule-114-le-gouvernement-planetaire-des-seraphins,Documento 114 - O Governo Seráfico Planetário,/pt/o-livro-de-urantia/documento-114-o-governo-serafico-planetario
115,P,Paper 115 - The Supreme Being,/urantia-book-standardized/paper-115-supreme-being,Documento 115 - El Ser Supremo,/es-int/el-libro-de-urantia-internacional/documento-115-el-ser-supremo,"Fascicule 115, L’Être Suprême",/fr/le-livre-d-urantia/fascicule-115-l-etre-supreme,Documento 115 - O Ser Supremo,/pt/o-livro-de-urantia/documento-115-o-ser-supremo
116,P,Paper 116 - The Almighty Supreme,/urantia-book-standardized/paper-116-almighty-supreme,Documento 116 - El Supremo Todopoderoso,/es-int/el-libro-de-urantia-internacional/documento-116-el-supremo-todopoderoso,"Fascicule 116, Le Tout-Puissant Suprême",/fr/le-livre-d-urantia/fascicule-116-le-tout-puissant-supreme,Documento 116 - O Supremo Todo-poderoso,/pt/o-livro-de-urantia/documento-116-o-supremo-todo-poderoso
117,P,Paper 117 - God the Supreme,/urantia-book-standardized/paper-117-god-supreme,Documento 117 - Dios el Supremo,/es-int/el-libro-de-urantia-internacional/documento-117-dios-el-supremo,"Fascicule 117, Dieu le Suprême",/fr/le-livre-d-urantia/fascicule-117-dieu-le-supreme,"Documento 117 - Deus, o Supremo",/pt/o-livro-de-urantia/documento-117-deus-o-supremo
118,P,Paper 118 - Supreme and Ultimate—Time and Space,/urantia-book-standardized/paper-118-supreme-and-ultimate-time-and-space,Documento 118 - El Supremo y el Último: el tiempo y el espacio,/es-int/el-libro-de-urantia-internacional/documento-118-el-supremo-y-el-ultimo-el-tiempo-y-el-espacio,"Fascicule 118, Le Suprême et l’Ultime — temps et espace",/fr/le-livre-d-urantia/fascicule-118-le-supreme-et-l-ultime-temps-et-espace,Documento 118 - O Supremo e o Último — o Tempo e o Espaço,/pt/o-livro-de-urantia/documento-118-o-supremo-e-o-ultimo-o-tempo-e-o-espaco
119,P,Paper 119 - The Bestowals of Christ Michael,/urantia-book-standardized/paper-119-bestowals-christ-michael,Documento 119 - Los otorgamientos de Cristo Miguel,/es-int/el-libro-de-urantia-internacional/documento-119-los-otorgamientos-de-cristo-miguel,"Fascicule 119, Les effusions de Christ Micaël",/fr/le-livre-d-urantia/fascicule-119-les-effusions-du-christ-micael,Documento 119 - As Auto-outorgas de Cristo Michael,/pt/o-livro-de-urantia/documento-119-auto-outorgas-de-cristo-michael
120,P,Paper 120 - The Bestowal of Michael on Urantia,/urantia-book-standardized/paper-120-bestowal-michael-urantia,Documento 120 - El otorgamiento de Miguel en Urantia,/es-int/el-libro-de-urantia-internacional/documento-120-el-otorgamiento-de-miguel-en-urantia,"Fascicule 120, L’effusion de Micaël sur Urantia",/fr/le-livre-d-urantia/fascicule-120-l-effusion-de-micael-sur-urantia,Documento 120 - A Auto-outorga de Michael em Urântia,/pt/o-livro-de-urantia/documento-120-auto-outorga-de-michael-em-urantia
121,P,Paper 121 - The Times of Michael’s Bestowal,/urantia-book-standardized/paper-121-times-michaels-bestowal,Documento 121 - La época del otorgamiento de Miguel,/es-int/el-libro-de-urantia-internacional/documento-121-la-epoca-del-otorgamiento-de-miguel,"Fascicule 121, L’époque de l’effusion de Micaël",/fr/le-livre-d-urantia/fascicule-121-l-epoque-de-l-effusion-de-micael,Documento 121 - A Época da Auto-Outorga de Michael,/pt/o-livro-de-urantia/documento-121-epoca-da-auto-outorga-de-michael
122,P,Paper 122 - Birth and Infancy of Jesus,/urantia-book-standardized/paper-122-birth-and-infancy-jesus,Documento 122 - El nacimiento y la infancia de Jesús,/es-int/el-libro-de-urantia-internacional/documento-122-el-nacimiento-y-la-infancia-de-jesus,"Fascicule 122, Naissance et petite enfance de Jésus",/fr/le-livre-d-urantia/fascicule-122-naissance-et-petite-enfance-de-jesus,Documento 122 - O Nascimento e a Infância de Jesus,/pt/o-livro-de-urantia/documento-122-o-nascimento-e-infancia-de-jesus
123,P,Paper 123 - The Early Childhood of Jesus,/urantia-book-standardized/paper-123-early-childhood-jesus,Documento 123 - Los comienzos de la niñez de Jesús,/es-int/el-libro-de-urantia-internacional/documento-123-los-comienzos-de-la-ninez-de-jesus,"Fascicule 123, La prime enfance de Jésus",/fr/le-livre-d-urantia/fascicule-123-la-prime-enfance-de-jesus,Documento 123 - A Primeira Infância de Jesus,/pt/o-livro-de-urantia/documento-123-primeira-infancia-de-jesus
124,P,Paper 124 - The Later Childhood of Jesus,/urantia-book-standardized/paper-124-later-childhood-jesus,Documento 124 - El final de la niñez de Jesús,/es-int/el-libro-de-urantia-internacional/documento-124-el-final-de-la-ninez-de-jesus,"Fascicule 124, La dernière partie de l’enfance de Jésus",/fr/le-livre-d-urantia/fascicule-124-la-derniere-partie-de-l-enfance-de-jesus,Documento 124 - A Segunda Infância de Jesus,/pt/o-livro-de-urantia/documento-124-segunda-infancia-de-jesus
125,P,Paper 125 - Jesus at Jerusalem,/urantia-book-standardized/paper-125-jesus-jerusalem,Documento 125 - Jesús en Jerusalén,/es-int/el-libro-de-urantia-internacional/documento-125-jesus-en-jerusalen,"Fascicule 125, Jésus à Jérusalem",/fr/le-livre-d-urantia/fascicule-125-jesus-jerusalem,Documento 125 - Jesus em Jerusalém,/pt/o-livro-de-urantia/documento-125-jesus-em-jerusalem
126,P,Paper 126 - The Two Crucial Years,/urantia-book-standardized/paper-126-two-crucial-years,Documento 126 - Los dos años cruciales,/es-int/el-libro-de-urantia-internacional/documento-126-los-dos-anos-cruciales,"Fascicule 126, Les deux années cruciales",/fr/le-livre-d-urantia/fascicule-126-les-deux-annees-cruciales,Documento 126 - Os Dois Anos Cruciais,/pt/o-livro-de-urantia/documento-126-os-dois-anos-cruciais
127,P,Paper 127 - The Adolescent Years,/urantia-book-standardized/paper-127-adolescent-years,Documento 127 - Los años de la adolescencia,/es-int/el-libro-de-urantia-internacional/documento-127-los-anos-de-la-adolescencia,"Fascicule 127, Les années d’adolescence",/fr/le-livre-d-urantia/fascicule-127-les-annees-d-adolescence,Documento 127 - Os Anos da Adolescência,/pt/o-livro-de-urantia/documento-127-os-anos-da-adolescencia
128,P,Paper 128 - Jesus’ Early Manhood,/urantia-book-standardized/paper-128-jesus-early-manhood,Documento 128 - Jesús comienza su vida adulta,/es-int/el-libro-de-urantia-internacional/documento-128-jesus-comienza-su-vida-adulta,"Fascicule 128, La vie de jeune homme de Jésus",/fr/le-livre-d-urantia/fascicule-128-la-vie-de-jeune-homme-de-jesus,Documento 128 - O Início da Vida Adulta de Jesus,/pt/o-livro-de-urantia/documento-128-o-inicio-da-vida-adulta-de-jesus
129,P,Paper 129 - The Later Adult Life of Jesus,/urantia-book-standardized/paper-129-later-adult-life-jesus,Documento 129 - Jesús prosigue su vida adulta,/es-int/el-libro-de-urantia-internacional/documento-129-jesus-prosigue-su-vida-adulta,"Fascicule 129, Suite de la vie d’adulte de Jésus",/fr/le-livre-d-urantia/fascicule-129-suite-de-la-vie-d-adulte-de-jesus,Documento 129 - A Vida Adulta de Jesus,/pt/o-livro-de-urantia/documento-129-vida-adulta-de-jesus
130,P,Paper 130 - On the Way to Rome,/urantia-book-standardized/paper-130-way-rome,Documento 130 - De camino a Roma,/es-int/el-libro-de-urantia-internacional/documento-130-de-camino-roma,"Fascicule 130, Sur le chemin de Rome",/fr/le-livre-d-urantia/fascicule-130-sur-le-chemin-de-rome,Documento 130 - A Caminho de Roma,/pt/o-livro-de-urantia/documento-130-caminho-de-roma
131,P,Paper 131 - The World’s Religions,/urantia-book-standardized/paper-131-worlds-religions,Documento 131 - Las religiones del mundo,/es-int/el-libro-de-urantia-internacional/documento-131-las-religiones-del-mundo,"Fascicule 131, Les religions du monde",/fr/le-livre-d-urantia/fascicule-131-les-religions-du-monde,Documento 131 - As Religiões do Mundo,/pt/o-livro-de-urantia/documento-131-religioes-do-mundo
132,P,Paper 132 - The Sojourn at Rome,/urantia-book-standardized/paper-132-sojourn-rome,Documento 132 - La estancia en Roma,/es-int/el-libro-de-urantia-internacional/documento-132-la-estancia-en-roma,"Fascicule 132, Le séjour à Rome",/fr/le-livre-d-urantia/fascicule-132-le-sejour-rome,Documento 132 - A Permanência em Roma,/pt/o-livro-de-urantia/documento-132-permanencia-em-roma
133,P,Paper 133 - The Return from Rome,/urantia-book-standardized/paper-133-return-rome,Documento 133 - La vuelta de Roma,/es-int/el-libro-de-urantia-internacional/documento-133-la-vuelta-de-roma,"Fascicule 133, Le retour de Rome",/fr/le-livre-d-urantia/fascicule-133-le-retour-de-rome,Documento 133 - O Retorno de Roma,/pt/o-livro-de-urantia/documento-133-o-retorno-de-roma
134,P,Paper 134 - The Transition Years,/urantia-book-standardized/paper-134-transition-years,Documento 134 - Los años de transición,/es-int/el-libro-de-urantia-internacional/documento-134-los-anos-de-transicion,"Fascicule 134, Les années de transition",/fr/le-livre-d-urantia/fascicule-134-les-annees-de-transition,Documento 134 - Os Anos de Transição,/pt/o-livro-de-urantia/documento-134-os-anos-de-transicao
135,P,Paper 135 - John the Baptist,/urantia-book-standardized/paper-135-john-baptist,Documento 135 - Juan el Bautista,/es-int/el-libro-de-urantia-internacional/documento-135-juan-el-bautista,"Fascicule 135, Jean le Baptiste",/fr/le-livre-d-urantia/fascicule-135-jean-le-baptiste,Documento 135 - João Batista,/pt/o-livro-de-urantia/documento-135-joao-batista
136,P,Paper 136 - Baptism and the Forty Days,/urantia-book-standardized/paper-136-baptism-and-forty-days,Documento 136 - El bautismo y los cuarenta días,/es-int/el-libro-de-urantia-internacional/documento-136-el-bautismo-y-los-cuarenta-dias,"Fascicule 136, Le baptême et les quarante jours",/fr/le-livre-d-urantia/fascicule-136-le-bapteme-et-les-quarante-jours,Documento 136 - O Batismo e os Quarenta Dias,/pt/o-livro-de-urantia/documento-136-o-batismo-e-os-quarenta-dias
137,P,Paper 137 - Tarrying Time in Galilee,/urantia-book-standardized/paper-137-tarrying-time-in-galilee,Documento 137 - La espera en Galilea,/es-int/el-libro-de-urantia-internacional/documento-137-la-espera-en-galilea,"Fascicule 137, Séjour d’attente en Galilée",/fr/le-livre-d-urantia/fascicule-137-sejour-d-attente-en-galilee,Documento 137 - O Tempo de Espera na Galiléia,/pt/o-livro-de-urantia/documento-137-o-tempo-de-espera-na-galileia
138,P,Paper 138 - Training the Kingdom’s Messengers,/urantia-book-standardized/paper-138-training-kingdoms-messengers,Documento 138 - La formación de los mensajeros del reino,/es-int/el-libro-de-urantia-internacional/documento-138-la-formacion-de-los-mensajeros-del-reino,"Fascicule 138, La formation des messagers du royaume",/fr/le-livre-d-urantia/fascicule-138-la-formation-des-messagers-du-royaume,Documento 138 - A Formação Dos Mensageiros do Reino,/pt/o-livro-de-urantia/documento-138-formacao-dos-mensageiros-do-reino
139,P,Paper 139 - The Twelve Apostles,/urantia-book-standardized/paper-139-twelve-apostles,Documento 139 - Los doce apóstoles,/es-int/el-libro-de-urantia-internacional/documento-139-los-doce-apostoles,"Fascicule 139, Les douze apôtres",/fr/le-livre-d-urantia/fascicule-139-les-douze-apotres,Documento 139 - Os Doze Apóstolos,/pt/o-livro-de-urantia/documento-139-os-doze-apostolos
140,P,Paper 140 - The Ordination of the Twelve,/urantia-book-standardized/paper-140-ordination-twelve,Documento 140 - La ordenación de los doce,/es-int/el-libro-de-urantia-internacional/documento-140-la-ordenacion-de-los-doce,"Fascicule 140, L’ordination des douze",/fr/le-livre-d-urantia/fascicule-140-l-ordination-des-douze,Documento 140 - A Ordenação dos Doze,/pt/o-livro-de-urantia/documento-140-ordenacao-dos-doze
141,P,Paper 141 - Beginning the Public Work,/urantia-book-standardized/paper-141-beginning-public-work,Documento 141 - Empieza la obra pública,/es-int/el-libro-de-urantia-internacional/documento-141-empieza-la-obra-publica,"Fascicule 141, Le commencement de l’œuvre publique",/fr/le-livre-d-urantia/fascicule-141-le-commencement-de-l-oeuvre-publique,Documento 141 - Começando o Trabalho Público,/pt/o-livro-de-urantia/documento-141-comecando-o-trabalho-publico
142,P,Paper 142 - The Passover at Jerusalem,/urantia-book-standardized/paper-142-passover-jerusalem,Documento 142 - La Pascua en Jerusalén,/es-int/el-libro-de-urantia-internacional/documento-142-la-pascua-en-jerusalen,"Fascicule 142, La Pâque à Jérusalem",/fr/le-livre-d-urantia/fascicule-142-la-paque-jerusalem,Documento 142 - A Páscoa em Jerusalém,/pt/o-livro-de-urantia/documento-142-pascoa-em-jerusalem
143,P,Paper 143 - Going Through Samaria,/urantia-book-standardized/paper-143-going-through-samaria,Documento 143 - El paso por Samaria,/es-int/el-libro-de-urantia-internacional/documento-143-el-paso-por-samaria,"Fascicule 143, Traversée de la Samarie",/fr/le-livre-d-urantia/fascicule-143-traversee-de-la-samarie,Documento 143 - Atravessando a Samaria,/pt/o-livro-de-urantia/documento-143-atravessando-samaria
144,P,Paper 144 - At Gilboa and in the Decapolis,/urantia-book-standardized/paper-144-gilboa-and-in-decapolis,Documento 144 - En Gilboa y en la Decápolis,/es-int/el-libro-de-urantia-internacional/documento-144-en-gilboa-y-en-la-decapolis,"Fascicule 144, À Gilboa et dans la Décapole",/fr/le-livre-d-urantia/fascicule-144-gilboa-et-dans-la-decapole,Documento 144 - Em Gilboa e na Decápolis,/pt/o-livro-de-urantia/documento-144-em-gilboa-e-na-decapolis
145,P,Paper 145 - Four Eventful Days at Capernaum,/urantia-book-standardized/paper-145-four-eventful-days-capernaum,Documento 145 - Cuatro días intensos en Cafarnaúm,/es-int/el-libro-de-urantia-internacional/documento-145-cuatro-dias-intensos-en-cafarnaum,"Fascicule 145, Quatre journées mémorables à Capharnaüm",/fr/le-livre-d-urantia/fascicule-145-quatre-journees-memorables-capharnaum,Documento 145 - Os Quatro Memoráveis Dias em Cafarnaum,/pt/o-livro-de-urantia/documento-145-os-quatro-memoraveis-dias-em-cafarnaum
146,P,Paper 146 - First Preaching Tour of Galilee,/urantia-book-standardized/paper-146-first-preaching-tour-galilee,Documento 146 - La primera gira de predicación en Galilea,/es-int/el-libro-de-urantia-internacional/documento-146-la-primera-gira-de-predicacion-en-galilea,"Fascicule 146, La première tournée de prédication en Galilée",/fr/le-livre-d-urantia/fascicule-146-la-premiere-tournee-de-predication-en-galilee,Documento 146 - A Primeira Campanha de Pregação na Galiléia,/pt/o-livro-de-urantia/documento-146-primeira-campanha-de-pregacao-na-galileia
147,P,Paper 147 - The Interlude Visit to Jerusalem,/urantia-book-standardized/paper-147-interlude-visit-jerusalem,Documento 147 - El paréntesis de la visita a Jerusalén,/es-int/el-libro-de-urantia-internacional/documento-147-el-parentesis-de-la-visita-jerusalen,"Fascicule 147, L’intermède de la visite à Jérusalem",/fr/le-livre-d-urantia/fascicule-147-l-intermede-de-la-visite-jerusalem,Documento 147 - O Interlúdio da Visita a Jerusalém,/pt/o-livro-de-urantia/documento-147-o-interludio-da-visita-jerusalem
148,P,Paper 148 - Training Evangelists at Bethsaida,/urantia-book-standardized/paper-148-training-evangelists-bethsaida,Documento 148 - La formación de evangelistas en Betsaida,/es-int/el-libro-de-urantia-internacional/documento-148-la-formacion-de-evangelistas-en-betsaida,"Fascicule 148, La formation d’évangélistes à Bethsaïde",/fr/le-livre-d-urantia/fascicule-148-la-formation-d-evangelistes-bethsaide,Documento 148 - Preparando os Evangelistas em Betsaida,/pt/o-livro-de-urantia/documento-148-preparando-os-evangelistas-em-betsaida
149,P,Paper 149 - The Second Preaching Tour,/urantia-book-standardized/paper-149-second-preaching-tour,Documento 149 - La segunda gira de predicación,/es-int/el-libro-de-urantia-internacional/documento-149-la-segunda-gira-de-predicacion,"Fascicule 149, La deuxième tournée de prédication",/fr/le-livre-d-urantia/fascicule-149-la-seconde-tournee-de-predication,Documento 149 - A Segunda Campanha de Pregação,/pt/o-livro-de-urantia/documento-149-segunda-campanha-de-pregacao
150,P,Paper 150 - The Third Preaching Tour,/urantia-book-standardized/paper-150-third-preaching-tour,Documento 150 - La tercera gira de predicación,/es-int/el-libro-de-urantia-internacional/documento-150-la-tercera-gira-de-predicacion,"Fascicule 150, La troisième tournée de prédication",/fr/le-livre-d-urantia/fascicule-150-la-troisieme-tournee-de-predication,Documento 150 - A Terceira Campanha de Pregação,/pt/o-livro-de-urantia/documento-150-terceira-campanha-de-pregacao
151,P,Paper 151 - Tarrying and Teaching by the Seaside,/urantia-book-standardized/paper-151-tarrying-and-teaching-seaside,Documento 151 - La temporada de enseñanza a la orilla del mar,/es-int/el-libro-de-urantia-internacional/documento-151-la-temporada-de-ensenanza-la-orilla-del-mar,"Fascicule 151, Séjour et enseignement au bord de la mer",/fr/le-livre-d-urantia/fascicule-151-sejour-et-enseignement-au-bord-de-la-mer,Documento 151 - Os Ensinamentos e a Permanência à Beira-Mar,/pt/o-livro-de-urantia/documento-151-os-ensinamentos-e-permanencia-beira-mar
152,P,Paper 152 - Events Leading up to the Capernaum Crisis,/urantia-book-standardized/paper-152-events-leading-capernaum-crisis,Documento 152 - Los antecedentes de la crisis de Cafarnaúm,/es-int/el-libro-de-urantia-internacional/documento-152-los-antecedentes-de-la-crisis-de-cafarnaum,"Fascicule 152, Les prodromes de la crise de Capharnaüm",/fr/le-livre-d-urantia/fascicule-152-les-prodromes-de-la-crise-de-capharnaum,Documento 152 - Os Acontecimentos que Levaram à Crise de Cafarnaum,/pt/o-livro-de-urantia/documento-152-os-acontecimentos-que-levaram-crise-de-cafarnaum
153,P,Paper 153 - The Crisis at Capernaum,/urantia-book-standardized/paper-153-crisis-capernaum,Documento 153 - La crisis de Cafarnaúm,/es-int/el-libro-de-urantia-internacional/documento-153-la-crisis-de-cafarnaum,"Fascicule 153, La crise à Capharnaüm",/fr/le-livre-d-urantia/fascicule-153-la-crise-capharnaum,Documento 153 - A Crise em Cafarnaum,/pt/o-livro-de-urantia/documento-153-crise-em-cafarnaum
154,P,Paper 154 - Last Days at Capernaum,/urantia-book-standardized/paper-154-last-days-capernaum,Documento 154 - Los últimos días en Cafarnaúm,/es-int/el-libro-de-urantia-internacional/documento-154-los-ultimos-dias-en-cafarnaum,"Fascicule 154, Derniers jours à Capharnaüm",/fr/le-livre-d-urantia/fascicule-154-derniers-jours-capharnaum,Documento 154 - Os Últimos Dias em Cafarnaum,/pt/o-livro-de-urantia/documento-154-os-ultimos-dias-em-cafarnaum
155,P,Paper 155 - Fleeing Through Northern Galilee,/urantia-book-standardized/paper-155-fleeing-through-northern-galilee,Documento 155 - La huida por el norte de Galilea,/es-int/el-libro-de-urantia-internacional/documento-155-la-huida-por-el-norte-de-galilea,"Fascicule 155, En fuite à travers la Galilée du Nord",/fr/le-livre-d-urantia/fascicule-155-en-fuite-travers-la-galilee-du-nord,Documento 155 - A Escapada Pelo Norte da Galiléia,/pt/o-livro-de-urantia/documento-155-escapada-pelo-norte-galileia
156,P,Paper 156 - The Sojourn at Tyre and Sidon,/urantia-book-standardized/paper-156-sojourn-tyre-and-sidon,Documento 156 - La estancia en Tiro y Sidón,/es-int/el-libro-de-urantia-internacional/documento-156-la-estancia-en-tiro-y-sidon,"Fascicule 156, Le séjour à Tyr et à Sidon",/fr/le-livre-d-urantia/fascicule-156-le-sejour-tyr-et-sidon,Documento 156 - A Estada em Tiro e Sidom,/pt/o-livro-de-urantia/documento-156-estada-tiro-sidom
157,P,Paper 157 - At Caesarea-Philippi,/urantia-book-standardized/paper-157-caesarea-philippi,Documento 157 - En Cesarea de Filipo,/es-int/el-libro-de-urantia-internacional/documento-157-en-cesarea-de-filipo,"Fascicule 157, À Césarée de Philippe",/fr/le-livre-d-urantia/fascicule-157-cesaree-de-philippe,Documento 157 - Em Cesaréia-filipe,/pt/o-livro-de-urantia/documento-157-em-cesareia-filipe
158,P,Paper 158 - The Mount of Transfiguration,/urantia-book-standardized/paper-158-mount-transfiguration,Documento 158 - El monte de la transfiguración,/es-int/el-libro-de-urantia-internacional/documento-158-el-monte-de-la-transfiguracion,"Fascicule 158, Le mont de la transfiguration",/fr/le-livre-d-urantia/fascicule-158-le-mont-de-la-transfiguration,Documento 158 - O Monte da Transfiguração,/pt/o-livro-de-urantia/documento-158-o-monte-transfiguracao
159,P,Paper 159 - The Decapolis Tour,/urantia-book-standardized/paper-159-decapolis-tour,Documento 159 - La gira por la Decápolis,/es-int/el-libro-de-urantia-internacional/documento-159-la-gira-por-la-decapolis,"Fascicule 159, La tournée en Décapole",/fr/le-livre-d-urantia/fascicule-159-la-tournee-en-decapole,Documento 159 - A Campanha Na Decápolis,/pt/o-livro-de-urantia/documento-159-campanha-na-decapolis
160,P,Paper 160 - Rodan of Alexandria,/urantia-book-standardized/paper-160-rodan-alexandria,Documento 160 - Rodan de Alejandría,/es-int/el-libro-de-urantia-internacional/documento-160-rodan-de-alejandria,"Fascicule 160, Rodan d’Alexandrie",/fr/le-livre-d-urantia/fascicule-160-rodan-d-alexandrie,Documento 160 - Rodam de Alexandria,/pt/o-livro-de-urantia/documento-160-rodam-alexandria
161,P,Paper 161 - Further Discussions with Rodan,/urantia-book-standardized/paper-161-further-discussions-rodan,Documento 161 - Otras conversaciones con Rodan,/es-int/el-libro-de-urantia-internacional/documento-161-otras-conversaciones-con-rodan,"Fascicule 161, Suite des discussions avec Rodan",/fr/le-livre-d-urantia/fascicule-161-suite-des-discussions-avec-rodan,Documento 161 - Novas Discussões com Rodam,/pt/o-livro-de-urantia/documento-161-novas-discussoes-rodam
162,P,Paper 162 - At the Feast of Tabernacles,/urantia-book-standardized/paper-162-feast-tabernacles,Documento 162 - En la fiesta de los tabernáculos,/es-int/el-libro-de-urantia-internacional/documento-162-en-la-fiesta-de-los-tabernaculos,"Fascicule 162, À la fête des Tabernacles",/fr/le-livre-d-urantia/fascicule-162-la-fete-des-tabernacles,Documento 162 - Na Festa de Tabernáculos,/pt/o-livro-de-urantia/documento-162-na-festa-tabernaculos
163,P,Paper 163 - Ordination of the Seventy at Magadan,/urantia-book-standardized/paper-163-ordination-seventy-magadan,Documento 163 - La ordenación de los setenta en Magadán,/es-int/el-libro-de-urantia-internacional/documento-163-la-ordenacion-de-los-setenta-en-magadan,"Fascicule 163, L’ordination des soixante-dix à Magadan",/fr/le-livre-d-urantia/fascicule-163-l-ordination-des-soixante-dix-magadan,Documento 163 - A Ordenação dos Setenta em Magadam,/pt/o-livro-de-urantia/documento-163-ordenacao-setenta-magadam
164,P,Paper 164 - At the Feast of Dedication,/urantia-book-standardized/paper-164-feast-dedication,Documento 164 - En la fiesta de la consagración,/es-int/el-libro-de-urantia-internacional/documento-164-en-la-fiesta-de-la-consagracion,"Fascicule 164, La fête de la Dédicace",/fr/le-livre-d-urantia/fascicule-164-la-fete-de-la-dedicace,Documento 164 - Na Festa da Dedicação,/pt/o-livro-de-urantia/documento-164-na-festa-dedicacao
165,P,Paper 165 - The Perean Mission Begins,/urantia-book-standardized/paper-165-perean-mission-begins,Documento 165 - Empieza la misión en Perea,/es-int/el-libro-de-urantia-internacional/documento-165-empieza-la-mision-en-perea,"Fascicule 165, La mission en Pérée commence",/fr/le-livre-d-urantia/fascicule-165-la-mission-en-peree-commence,Documento 165 - A Missão na Peréia Tem Início,/pt/o-livro-de-urantia/documento-165-missao-na-pereia-tem-inicio
166,P,Paper 166 - Last Visit to Northern Perea,/urantia-book-standardized/paper-166-last-visit-northern-perea,Documento 166 - La última visita al norte de Perea,/es-int/el-libro-de-urantia-internacional/documento-166-la-ultima-visita-al-norte-de-perea,"Fascicule 166, Dernière tournée en Pérée du Nord",/fr/le-livre-d-urantia/fascicule-166-derniere-tournee-en-peree-du-nord,Documento 166 - A Última Visita ao Norte da Pereia,/pt/o-livro-de-urantia/documento-166-ultima-visita-ao-norte-da-pereia
167,P,Paper 167 - The Visit to Philadelphia,/urantia-book-standardized/paper-167-visit-philadelphia,Documento 167 - La visita a Filadelfia,/es-int/el-libro-de-urantia-internacional/documento-167-la-visita-filadelfia,"Fascicule 167, La visite à Philadelphie",/fr/le-livre-d-urantia/fascicule-167-la-visite-philadelphie,Documento 167 - A Visita À Filadélfia,/pt/o-livro-de-urantia/documento-167-visita-filadelfia
168,P,Paper 168 - The Resurrection of Lazarus,/urantia-book-standardized/paper-168-resurrection-lazarus,Documento 168 - La resurrección de Lázaro,/es-int/el-libro-de-urantia-internacional/documento-168-la-resurreccion-de-lazaro,"Fascicule 168, La résurrection de Lazare",/fr/le-livre-d-urantia/fascicule-168-la-resurrection-de-lazare,Documento 168 - A Ressurreição de Lázaro,/pt/o-livro-de-urantia/documento-168-ressurreicao-lazaro
169,P,Paper 169 - Last Teaching at Pella,/urantia-book-standardized/paper-169-last-teaching-pella,Documento 169 - Las últimas enseñanzas en Pella,/es-int/el-libro-de-urantia-internacional/documento-169-las-ultimas-ensenanzas-en-pella,"Fascicule 169, Derniers enseignements à Pella",/fr/le-livre-d-urantia/fascicule-169-derniers-enseignements-pella,Documento 169 - O Último Ensinamento em Pela,/pt/o-livro-de-urantia/documento-169-o-ultimo-ensinamento-pela
170,P,Paper 170 - The Kingdom of Heaven,/urantia-book-standardized/paper-170-kingdom-heaven,Documento 170 - El reino de los cielos,/es-int/el-libro-de-urantia-internacional/documento-170-el-reino-de-los-cielos,"Fascicule 170, Le royaume des cieux",/fr/le-livre-d-urantia/fascicule-170-le-royaume-des-cieux,Documento 170 - O Reino do Céu,/pt/o-livro-de-urantia/documento-170-o-reino-ceu
171,P,Paper 171 - On the Way to Jerusalem,/urantia-book-standardized/paper-171-way-jerusalem,Documento 171 - En el camino a Jerusalén,/es-int/el-libro-de-urantia-internacional/documento-171-en-el-camino-jerusalen,"Fascicule 171, Sur le chemin de Jérusalem",/fr/le-livre-d-urantia/fascicule-171-sur-le-chemin-de-jerusalem,Documento 171 - A Caminho de Jerusalém,/pt/o-livro-de-urantia/documento-171-caminho-jerusalem
172,P,Paper 172 - Going into Jerusalem,/urantia-book-standardized/paper-172-going-jerusalem,Documento 172 - La entrada en Jerusalén,/es-int/el-libro-de-urantia-internacional/documento-172-la-entrada-en-jerusalen,"Fascicule 172, L’entrée à Jérusalem",/fr/le-livre-d-urantia/fascicule-172-l-entree-jerusalem,Documento 172 - A Entrada em Jerusalém,/pt/o-livro-de-urantia/documento-172-entrada-jerusalem
173,P,Paper 173 - Monday in Jerusalem,/urantia-book-standardized/paper-173-monday-in-jerusalem,Documento 173 - El lunes en Jerusalén,/es-int/el-libro-de-urantia-internacional/documento-173-el-lunes-en-jerusalen,"Fascicule 173, Le lundi à Jérusalem",/fr/le-livre-d-urantia/fascicule-173-le-lundi-jerusalem,Documento 173 - A Segunda-Feira en Jerusalém,/pt/o-livro-de-urantia/documento-173-segunda-feira-jerusalem
174,P,Paper 174 - Tuesday Morning in the Temple,/urantia-book-standardized/paper-174-tuesday-morning-in-temple,Documento 174 - El martes por la mañana en el templo,/es-int/el-libro-de-urantia-internacional/documento-174-el-martes-por-la-manana-en-el-templo,"Fascicule 174, Le mardi matin au temple",/fr/le-livre-d-urantia/fascicule-174-le-mardi-matin-au-temple,Documento 174 - Terça-Feira de Manhã no Templo,/pt/o-livro-de-urantia/documento-174-terca-feira-manha-no-templo
175,P,Paper 175 - The Last Temple Discourse,/urantia-book-standardized/paper-175-last-temple-discourse,Documento 175 - El último discurso en el templo,/es-int/el-libro-de-urantia-internacional/documento-175-el-ultimo-discurso-en-el-templo,"Fascicule 175, Le dernier discours au temple",/fr/le-livre-d-urantia/fascicule-175-le-dernier-discours-au-temple,Documento 175 - O Último Discurso no Templo,/pt/o-livro-de-urantia/documento-175-o-ultimo-discurso-no-templo
176,P,Paper 176 - Tuesday Evening on Mount Olivet,/urantia-book-standardized/paper-176-tuesday-evening-mount-olivet,Documento 176 - El martes por la noche en el monte Olivete,/es-int/el-libro-de-urantia-internacional/documento-176-el-martes-por-la-noche-en-el-monte-olivete,"Fascicule 176, Le mardi soir sur le mont Olivet",/fr/le-livre-d-urantia/fascicule-176-le-mardi-soir-sur-le-mont-olivet,Documento 176 - Terça-Feira à Noite no Monte das Oliveiras,/pt/o-livro-de-urantia/documento-176-terca-feira-noite-no-monte-das-oliveiras
177,P,"Paper 177 - Wednesday, the Rest Day",/urantia-book-standardized/paper-177-wednesday-rest-day,"Documento 177 - El miércoles, día de descanso",/es-int/el-libro-de-urantia-internacional/documento-177-el-miercoles-dia-de-descanso,"Fascicule 177, Le mercredi, jour de repos",/fr/le-livre-d-urantia/fascicule-177-mercredi-jour-de-repos,"Documento 177 - Quarta-Feira, O Dia de Descanso",/pt/o-livro-de-urantia/documento-177-quarta-feira-dia-descanso
178,P,Paper 178 - Last Day at the Camp,/urantia-book-standardized/paper-178-last-day-camp,Documento 178 - El último día en el campamento,/es-int/el-libro-de-urantia-internacional/documento-178-el-ultimo-dia-en-el-campamento,"Fascicule 178, Le dernier jour au camp",/fr/le-livre-d-urantia/fascicule-178-le-dernier-jour-au-camp,Documento 178 - O Último Dia no Acampamento,/pt/o-livro-de-urantia/documento-178-o-ultimo-dia-no-acampamento
179,P,Paper 179 - The Last Supper,/urantia-book-standardized/paper-179-last-supper,Documento 179 - La Última Cena,/es-int/el-libro-de-urantia-internacional/documento-179-la-ultima-cena,"Fascicule 179, Le dernier souper",/fr/le-livre-d-urantia/fascicule-179-le-dernier-souper,Documento 179 - A Última Ceia,/pt/o-livro-de-urantia/documento-179-ultima-ceia
180,P,Paper 180 - The Farewell Discourse,/urantia-book-standardized/paper-180-farewell-discourse,Documento 180 - El discurso de despedida,/es-int/el-libro-de-urantia-internacional/documento-180-el-discurso-de-despedida,"Fascicule 180, Le discours d’adieu",/fr/le-livre-d-urantia/fascicule-180-le-discours-d-adieu,Documento 180 - O Discurso de Despedida,/pt/o-livro-de-urantia/documento-180-o-discurso-despedida
181,P,Paper 181 - Final Admonitions and Warnings,/urantia-book-standardized/paper-181-final-admonitions-and-warnings,Documento 181 - Las advertencias y exhortaciones finales,/es-int/el-libro-de-urantia-internacional/documento-181-las-advertencias-y-exhortaciones-finales,"Fascicule 181, Ultimes exhortations et avertissements",/fr/le-livre-d-urantia/fascicule-181-ultimes-exhortations-et-avertissements,Documento 181 - Exortações e Conselhos Finais,/pt/o-livro-de-urantia/documento-181-exortacoes-conselhos-finais
182,P,Paper 182 - In Gethsemane,/urantia-book-standardized/paper-182-in-gethsemane,Documento 182 - En Getsemaní,/es-int/el-libro-de-urantia-internacional/documento-182-en-getsemani,"Fascicule 182, À Gethsémani",/fr/le-livre-d-urantia/fascicule-182-gethsemani,Documento 182 - No Getsêmane,/pt/o-livro-de-urantia/documento-182-no-getsemane
183,P,Paper 183 - The Betrayal and Arrest of Jesus,/urantia-book-standardized/paper-183-betrayal-and-arrest-jesus,Documento 183 - La traición y el arresto de Jesús,/es-int/el-libro-de-urantia-internacional/documento-183-la-traicion-y-el-arresto-de-jesus,"Fascicule 183, Jésus trahi et arrêté",/fr/le-livre-d-urantia/fascicule-183-jesus-trahi-et-arrete,Documento 183 - A Traição a Jesus e a Sua Prisão,/pt/o-livro-de-urantia/documento-183-traicao-jesus-sua-prisao
184,P,Paper 184 - Before the Sanhedrin Court,/urantia-book-standardized/paper-184-sanhedrin-court,Documento 184 - Ante el tribunal del Sanedrín,/es-int/el-libro-de-urantia-internacional/documento-184-ante-el-tribunal-del-sanedrin,"Fascicule 184, Devant le tribunal du sanhédrin",/fr/le-livre-d-urantia/fascicule-184-devant-le-tribunal-du-sanhedrin,Documento 184 - Perante o Tribunal do Sinédrio,/pt/o-livro-de-urantia/documento-184-perante-tribunal-sinedrio
185,P,Paper 185 - The Trial Before Pilate,/urantia-book-standardized/paper-185-trial-pilate,Documento 185 - El juicio ante Pilatos,/es-int/el-libro-de-urantia-internacional/documento-185-el-juicio-ante-pilatos,"Fascicule 185, Le jugement devant Pilate",/fr/le-livre-d-urantia/fascicule-185-le-jugement-devant-pilate,Documento 185 - O Julgamento Diante de Pilatos,/pt/o-livro-de-urantia/documento-185-o-julgamento-diante-pilatos
186,P,Paper 186 - Just Before the Crucifixion,/urantia-book-standardized/paper-186-just-crucifixion,Documento 186 - Poco antes de la crucifixión,/es-int/el-libro-de-urantia-internacional/documento-186-poco-antes-de-la-crucifixion,"Fascicule 186, Peu avant la crucifixion",/fr/le-livre-d-urantia/fascicule-186-peu-avant-la-crucifixion,Documento 186 - Pouco Antes da Crucificação,/pt/o-livro-de-urantia/documento-186-pouco-antes-crucificacao
187,P,Paper 187 - The Crucifixion,/urantia-book-standardized/paper-187-crucifixion,Documento 187 - La crucifixión,/es-int/el-libro-de-urantia-internacional/documento-187-la-crucifixion,"Fascicule 187, La crucifixion",/fr/le-livre-d-urantia/fascicule-187-la-crucifixion,Documento 187 - A Crucificação,/pt/o-livro-de-urantia/documento-187-crucificacao
188,P,Paper 188 - The Time of the Tomb,/urantia-book-standardized/paper-188-time-tomb,Documento 188 - En la tumba,/es-int/el-libro-de-urantia-internacional/documento-188-en-la-tumba,"Fascicule 188, L’heure du tombeau",/fr/le-livre-d-urantia/fascicule-188-l-heure-du-tombeau,Documento 188 - O Período Dentro da Tumba,/pt/o-livro-de-urantia/documento-188-o-periodo-dentro-tumba
189,P,Paper 189 - The Resurrection,/urantia-book-standardized/paper-189-resurrection,Documento 189 - La resurrección,/es-int/el-libro-de-urantia-internacional/documento-189-la-resurreccion,"Fascicule 189, La résurrection",/fr/le-livre-d-urantia/fascicule-189-la-resurrection,Documento 189 - A Ressurreição,/pt/o-livro-de-urantia/documento-189-ressurreicao
190,P,Paper 190 - Morontia Appearances of Jesus,/urantia-book-standardized/paper-190-morontia-appearances-jesus,Documento 190 - Las apariciones de Jesús en la morontia,/es-int/el-libro-de-urantia-internacional/documento-190-las-apariciones-de-jesus-en-la-morontia,"Fascicule 190, Les apparitions morontielles de Jésus",/fr/le-livre-d-urantia/fascicule-190-les-apparitions-morontielles-de-jesus,Documento 190 - As Aparições Moronciais Jesus,/pt/o-livro-de-urantia/documento-190-aparicoes-moronciais-jesus
191,P,Paper 191 - Appearances to the Apostles and Other Leaders,/urantia-book-standardized/paper-191-appearances-apostles-and-other-leaders,Documento 191 - Las apariciones a los apóstoles y a otros líderes,/es-int/el-libro-de-urantia-internacional/documento-191-las-apariciones-los-apostoles-y-otros-lideres,"Fascicule 191, Apparitions aux apôtres et à d’autres disciples influents",/fr/le-livre-d-urantia/fascicule-191-apparitions-aux-apotres-et-d-autres-disciples,Documento 191 - As Aparições aos Apóstolos e aos Outros Líderes,/pt/o-livro-de-urantia/documento-191-aparicoes-aos-apostolos-aos-outros-lideres
192,P,Paper 192 - Appearances in Galilee,/urantia-book-standardized/paper-192-appearances-in-galilee,Documento 192 - Las apariciones en Galilea,/es-int/el-libro-de-urantia-internacional/documento-192-las-apariciones-en-galilea,"Fascicule 192, Apparitions en Galilée",/fr/le-livre-d-urantia/fascicule-192-apparitions-en-galilee,Documento 192 - Aparições na Galiléia,/pt/o-livro-de-urantia/documento-192-aparicoes-na-galileia
193,P,Paper 193 - Final Appearances and Ascension,/urantia-book-standardized/paper-193-final-appearances-and-ascension,Documento 193 - Las apariciones finales y la ascensión,/es-int/el-libro-de-urantia-internacional/documento-193-las-apariciones-finales-y-la-ascension,"Fascicule 193, Apparitions finales et ascension",/fr/le-livre-d-urantia/fascicule-193-apparitions-finales-et-ascension,Documento 193 - Últimas Aparições e Ascensão,/pt/o-livro-de-urantia/documento-193-ultimas-aparicoes-e-ascensao
194,P,Paper 194 - Bestowal of the Spirit of Truth,/urantia-book-standardized/paper-194-bestowal-spirit-truth,Documento 194 - El otorgamiento del Espíritu de la Verdad,/es-int/el-libro-de-urantia-internacional/documento-194-el-otorgamiento-del-espiritu-de-la-verdad,"Fascicule 194, L’effusion de l’Esprit de Vérité",/fr/le-livre-d-urantia/fascicule-194-l-effusion-de-l-esprit-de-verite,Documento 194 - O Outorgamento do Espírito da Verdade,/pt/o-livro-de-urantia/documento-194-o-outorgamento-espirito-verdade
195,P,Paper 195 - After Pentecost,/urantia-book-standardized/paper-195-after-pentecost,Documento 195 - Después de Pentecostés,/es-int/el-libro-de-urantia-internacional/documento-195-despues-de-pentecostes,"Fascicule 195, Après la Pentecôte",/fr/le-livre-d-urantia/fascicule-195-apres-la-pentecote,Documento 195 - Depois de Pentecostes,/pt/o-livro-de-urantia/documento-195-depois-pentecostes
196,P,Paper 196 - The Faith of Jesus,/urantia-book-standardized/paper-196-faith-jesus,Documento 196 - La fe de Jesús,/es-int/el-libro-de-urantia-internacional/documento-196-la-fe-de-jesus,"Fascicule 196, La foi de Jésus",/fr/le-livre-d-urantia/fascicule-196-la-foi-de-jesus,Documento 196 - A Fé de Jesus,/pt/o-livro-de-urantia/documento-196-fe-jesus